label,calculate,date,year,month,day,dayofweek,dayname
Ano Novo,january 1st,20000101,2000,1,1,5,Saturday
Carnaval,47 days before easter sunday on a tuesday,20000307,2000,3,7,1,Tuesday
Sexta-Feira Santa,friday right before easter sunday,20000421,2000,4,21,4,Friday
Pascoa,easter sunday,20000423,2000,4,23,6,Sunday
25 de Abril,april 25th,20000425,2000,4,25,1,Tuesday
Dia do Trabalhador,may 1th,20000501,2000,5,1,0,Monday
Dia de Portugal,june 10th,20000610,2000,6,10,5,Saturday
Corpo de Deus,"60 days after easter sunday, on a thursday",20000622,2000,6,22,3,Thursday
Assuncao Maria,august 15th,20000815,2000,8,15,1,Tuesday
Implatacao da Republica,october 5th,20001005,2000,10,5,3,Thursday
Todos os Santos,november 1st,20001101,2000,11,1,2,Wednesday
Restauracao da Independencia,december 1st,20001201,2000,12,1,4,Friday
Imaculada Conceicao,december 8th,20001208,2000,12,8,4,Friday
Natal,december 25th,20001225,2000,12,25,0,Monday
Ano Novo,january 1st,20010101,2001,1,1,0,Monday
Carnaval,47 days before easter sunday on a tuesday,20010227,2001,2,27,1,Tuesday
Sexta-Feira Santa,friday right before easter sunday,20010413,2001,4,13,4,Friday
Pascoa,easter sunday,20010415,2001,4,15,6,Sunday
25 de Abril,april 25th,20010425,2001,4,25,2,Wednesday
Dia do Trabalhador,may 1th,20010501,2001,5,1,1,Tuesday
Dia de Portugal,june 10th,20010610,2001,6,10,6,Sunday
Corpo de Deus,"60 days after easter sunday, on a thursday",20010614,2001,6,14,3,Thursday
Assuncao Maria,august 15th,20010815,2001,8,15,2,Wednesday
Implatacao da Republica,october 5th,20011005,2001,10,5,4,Friday
Todos os Santos,november 1st,20011101,2001,11,1,3,Thursday
Restauracao da Independencia,december 1st,20011201,2001,12,1,5,Saturday
Imaculada Conceicao,december 8th,20011208,2001,12,8,5,Saturday
Natal,december 25th,20011225,2001,12,25,1,Tuesday
Ano Novo,january 1st,20020101,2002,1,1,1,Tuesday
Carnaval,47 days before easter sunday on a tuesday,20020212,2002,2,12,1,Tuesday
Sexta-Feira Santa,friday right before easter sunday,20020329,2002,3,29,4,Friday
Pascoa,easter sunday,20020331,2002,3,31,6,Sunday
25 de Abril,april 25th,20020425,2002,4,25,3,Thursday
Dia do Trabalhador,may 1th,20020501,2002,5,1,2,Wednesday
Corpo de Deus,"60 days after easter sunday, on a thursday",20020530,2002,5,30,3,Thursday
Dia de Portugal,june 10th,20020610,2002,6,10,0,Monday
Assuncao Maria,august 15th,20020815,2002,8,15,3,Thursday
Implatacao da Republica,october 5th,20021005,2002,10,5,5,Saturday
Todos os Santos,november 1st,20021101,2002,11,1,4,Friday
Restauracao da Independencia,december 1st,20021201,2002,12,1,6,Sunday
Imaculada Conceicao,december 8th,20021208,2002,12,8,6,Sunday
Natal,december 25th,20021225,2002,12,25,2,Wednesday
Ano Novo,january 1st,20030101,2003,1,1,2,Wednesday
Carnaval,47 days before easter sunday on a tuesday,20030304,2003,3,4,1,Tuesday
Sexta-Feira Santa,friday right before easter sunday,20030418,2003,4,18,4,Friday
Pascoa,easter sunday,20030420,2003,4,20,6,Sunday
25 de Abril,april 25th,20030425,2003,4,25,4,Friday
Dia do Trabalhador,may 1th,20030501,2003,5,1,3,Thursday
Dia de Portugal,june 10th,20030610,2003,6,10,1,Tuesday
Corpo de Deus,"60 days after easter sunday, on a thursday",20030619,2003,6,19,3,Thursday
Assuncao Maria,august 15th,20030815,2003,8,15,4,Friday
Implatacao da Republica,october 5th,20031005,2003,10,5,6,Sunday
Todos os Santos,november 1st,20031101,2003,11,1,5,Saturday
Restauracao da Independencia,december 1st,20031201,2003,12,1,0,Monday
Imaculada Conceicao,december 8th,20031208,2003,12,8,0,Monday
Natal,december 25th,20031225,2003,12,25,3,Thursday
Ano Novo,january 1st,20040101,2004,1,1,3,Thursday
Carnaval,47 days before easter sunday on a tuesday,20040224,2004,2,24,1,Tuesday
Sexta-Feira Santa,friday right before easter sunday,20040409,2004,4,9,4,Friday
Pascoa,easter sunday,20040411,2004,4,11,6,Sunday
25 de Abril,april 25th,20040425,2004,4,25,6,Sunday
Dia do Trabalhador,may 1th,20040501,2004,5,1,5,Saturday
Corpo de Deus,"60 days after easter sunday, on a thursday",20040610,2004,6,10,3,Thursday
Dia de Portugal,june 10th,20040610,2004,6,10,3,Thursday
Assuncao Maria,august 15th,20040815,2004,8,15,6,Sunday
Implatacao da Republica,october 5th,20041005,2004,10,5,1,Tuesday
Todos os Santos,november 1st,20041101,2004,11,1,0,Monday
Restauracao da Independencia,december 1st,20041201,2004,12,1,2,Wednesday
Imaculada Conceicao,december 8th,20041208,2004,12,8,2,Wednesday
Natal,december 25th,20041225,2004,12,25,5,Saturday
Ano Novo,january 1st,20050101,2005,1,1,5,Saturday
Carnaval,47 days before easter sunday on a tuesday,20050208,2005,2,8,1,Tuesday
Sexta-Feira Santa,friday right before easter sunday,20050325,2005,3,25,4,Friday
Pascoa,easter sunday,20050327,2005,3,27,6,Sunday
25 de Abril,april 25th,20050425,2005,4,25,0,Monday
Dia do Trabalhador,may 1th,20050501,2005,5,1,6,Sunday
Corpo de Deus,"60 days after easter sunday, on a thursday",20050526,2005,5,26,3,Thursday
Dia de Portugal,june 10th,20050610,2005,6,10,4,Friday
Assuncao Maria,august 15th,20050815,2005,8,15,0,Monday
Implatacao da Republica,october 5th,20051005,2005,10,5,2,Wednesday
Todos os Santos,november 1st,20051101,2005,11,1,1,Tuesday
Restauracao da Independencia,december 1st,20051201,2005,12,1,3,Thursday
Imaculada Conceicao,december 8th,20051208,2005,12,8,3,Thursday
Natal,december 25th,20051225,2005,12,25,6,Sunday
Ano Novo,january 1st,20060101,2006,1,1,6,Sunday
Carnaval,47 days before easter sunday on a tuesday,20060228,2006,2,28,1,Tuesday
Sexta-Feira Santa,friday right before easter sunday,20060414,2006,4,14,4,Friday
Pascoa,easter sunday,20060416,2006,4,16,6,Sunday
25 de Abril,april 25th,20060425,2006,4,25,1,Tuesday
Dia do Trabalhador,may 1th,20060501,2006,5,1,0,Monday
Dia de Portugal,june 10th,20060610,2006,6,10,5,Saturday
Corpo de Deus,"60 days after easter sunday, on a thursday",20060615,2006,6,15,3,Thursday
Assuncao Maria,august 15th,20060815,2006,8,15,1,Tuesday
Implatacao da Republica,october 5th,20061005,2006,10,5,3,Thursday
Todos os Santos,november 1st,20061101,2006,11,1,2,Wednesday
Restauracao da Independencia,december 1st,20061201,2006,12,1,4,Friday
Imaculada Conceicao,december 8th,20061208,2006,12,8,4,Friday
Natal,december 25th,20061225,2006,12,25,0,Monday
Ano Novo,january 1st,20070101,2007,1,1,0,Monday
Carnaval,47 days before easter sunday on a tuesday,20070220,2007,2,20,1,Tuesday
Sexta-Feira Santa,friday right before easter sunday,20070406,2007,4,6,4,Friday
Pascoa,easter sunday,20070408,2007,4,8,6,Sunday
25 de Abril,april 25th,20070425,2007,4,25,2,Wednesday
Dia do Trabalhador,may 1th,20070501,2007,5,1,1,Tuesday
Corpo de Deus,"60 days after easter sunday, on a thursday",20070607,2007,6,7,3,Thursday
Dia de Portugal,june 10th,20070610,2007,6,10,6,Sunday
Assuncao Maria,august 15th,20070815,2007,8,15,2,Wednesday
Implatacao da Republica,october 5th,20071005,2007,10,5,4,Friday
Todos os Santos,november 1st,20071101,2007,11,1,3,Thursday
Restauracao da Independencia,december 1st,20071201,2007,12,1,5,Saturday
Imaculada Conceicao,december 8th,20071208,2007,12,8,5,Saturday
Natal,december 25th,20071225,2007,12,25,1,Tuesday
Ano Novo,january 1st,20080101,2008,1,1,1,Tuesday
Carnaval,47 days before easter sunday on a tuesday,20080205,2008,2,5,1,Tuesday
Sexta-Feira Santa,friday right before easter sunday,20080321,2008,3,21,4,Friday
Pascoa,easter sunday,20080323,2008,3,23,6,Sunday
25 de Abril,april 25th,20080425,2008,4,25,4,Friday
Dia do Trabalhador,may 1th,20080501,2008,5,1,3,Thursday
Corpo de Deus,"60 days after easter sunday, on a thursday",20080522,2008,5,22,3,Thursday
Dia de Portugal,june 10th,20080610,2008,6,10,1,Tuesday
Assuncao Maria,august 15th,20080815,2008,8,15,4,Friday
Implatacao da Republica,october 5th,20081005,2008,10,5,6,Sunday
Todos os Santos,november 1st,20081101,2008,11,1,5,Saturday
Restauracao da Independencia,december 1st,20081201,2008,12,1,0,Monday
Imaculada Conceicao,december 8th,20081208,2008,12,8,0,Monday
Natal,december 25th,20081225,2008,12,25,3,Thursday
Ano Novo,january 1st,20090101,2009,1,1,3,Thursday
Carnaval,47 days before easter sunday on a tuesday,20090224,2009,2,24,1,Tuesday
Sexta-Feira Santa,friday right before easter sunday,20090410,2009,4,10,4,Friday
Pascoa,easter sunday,20090412,2009,4,12,6,Sunday
25 de Abril,april 25th,20090425,2009,4,25,5,Saturday
Dia do Trabalhador,may 1th,20090501,2009,5,1,4,Friday
Dia de Portugal,june 10th,20090610,2009,6,10,2,Wednesday
Corpo de Deus,"60 days after easter sunday, on a thursday",20090611,2009,6,11,3,Thursday
Assuncao Maria,august 15th,20090815,2009,8,15,5,Saturday
Implatacao da Republica,october 5th,20091005,2009,10,5,0,Monday
Todos os Santos,november 1st,20091101,2009,11,1,6,Sunday
Restauracao da Independencia,december 1st,20091201,2009,12,1,1,Tuesday
Imaculada Conceicao,december 8th,20091208,2009,12,8,1,Tuesday
Natal,december 25th,20091225,2009,12,25,4,Friday
Ano Novo,january 1st,20100101,2010,1,1,4,Friday
Carnaval,47 days before easter sunday on a tuesday,20100216,2010,2,16,1,Tuesday
Sexta-Feira Santa,friday right before easter sunday,20100402,2010,4,2,4,Friday
Pascoa,easter sunday,20100404,2010,4,4,6,Sunday
25 de Abril,april 25th,20100425,2010,4,25,6,Sunday
Dia do Trabalhador,may 1th,20100501,2010,5,1,5,Saturday
Corpo de Deus,"60 days after easter sunday, on a thursday",20100603,2010,6,3,3,Thursday
Dia de Portugal,june 10th,20100610,2010,6,10,3,Thursday
Assuncao Maria,august 15th,20100815,2010,8,15,6,Sunday
Implatacao da Republica,october 5th,20101005,2010,10,5,1,Tuesday
Todos os Santos,november 1st,20101101,2010,11,1,0,Monday
Restauracao da Independencia,december 1st,20101201,2010,12,1,2,Wednesday
Imaculada Conceicao,december 8th,20101208,2010,12,8,2,Wednesday
Natal,december 25th,20101225,2010,12,25,5,Saturday
Ano Novo,january 1st,20110101,2011,1,1,5,Saturday
Carnaval,47 days before easter sunday on a tuesday,20110308,2011,3,8,1,Tuesday
Sexta-Feira Santa,friday right before easter sunday,20110422,2011,4,22,4,Friday
Pascoa,easter sunday,20110424,2011,4,24,6,Sunday
25 de Abril,april 25th,20110425,2011,4,25,0,Monday
Dia do Trabalhador,may 1th,20110501,2011,5,1,6,Sunday
Dia de Portugal,june 10th,20110610,2011,6,10,4,Friday
Corpo de Deus,"60 days after easter sunday, on a thursday",20110623,2011,6,23,3,Thursday
Assuncao Maria,august 15th,20110815,2011,8,15,0,Monday
Implatacao da Republica,october 5th,20111005,2011,10,5,2,Wednesday
Todos os Santos,november 1st,20111101,2011,11,1,1,Tuesday
Restauracao da Independencia,december 1st,20111201,2011,12,1,3,Thursday
Imaculada Conceicao,december 8th,20111208,2011,12,8,3,Thursday
Natal,december 25th,20111225,2011,12,25,6,Sunday
Ano Novo,january 1st,20120101,2012,1,1,6,Sunday
Carnaval,47 days before easter sunday on a tuesday,20120221,2012,2,21,1,Tuesday
Sexta-Feira Santa,friday right before easter sunday,20120406,2012,4,6,4,Friday
Pascoa,easter sunday,20120408,2012,4,8,6,Sunday
25 de Abril,april 25th,20120425,2012,4,25,2,Wednesday
Dia do Trabalhador,may 1th,20120501,2012,5,1,1,Tuesday
Corpo de Deus,"60 days after easter sunday, on a thursday",20120607,2012,6,7,3,Thursday
Dia de Portugal,june 10th,20120610,2012,6,10,6,Sunday
Assuncao Maria,august 15th,20120815,2012,8,15,2,Wednesday
Implatacao da Republica,october 5th,20121005,2012,10,5,4,Friday
Todos os Santos,november 1st,20121101,2012,11,1,3,Thursday
Restauracao da Independencia,december 1st,20121201,2012,12,1,5,Saturday
Imaculada Conceicao,december 8th,20121208,2012,12,8,5,Saturday
Natal,december 25th,20121225,2012,12,25,1,Tuesday
Ano Novo,january 1st,20130101,2013,1,1,1,Tuesday
Carnaval,47 days before easter sunday on a tuesday,20130212,2013,2,12,1,Tuesday
Sexta-Feira Santa,friday right before easter sunday,20130329,2013,3,29,4,Friday
Pascoa,easter sunday,20130331,2013,3,31,6,Sunday
25 de Abril,april 25th,20130425,2013,4,25,3,Thursday
Dia do Trabalhador,may 1th,20130501,2013,5,1,2,Wednesday
Corpo de Deus,"60 days after easter sunday, on a thursday",20130530,2013,5,30,3,Thursday
Dia de Portugal,june 10th,20130610,2013,6,10,0,Monday
Assuncao Maria,august 15th,20130815,2013,8,15,3,Thursday
Implatacao da Republica,october 5th,20131005,2013,10,5,5,Saturday
Todos os Santos,november 1st,20131101,2013,11,1,4,Friday
Restauracao da Independencia,december 1st,20131201,2013,12,1,6,Sunday
Imaculada Conceicao,december 8th,20131208,2013,12,8,6,Sunday
Natal,december 25th,20131225,2013,12,25,2,Wednesday
Ano Novo,january 1st,20140101,2014,1,1,2,Wednesday
Carnaval,47 days before easter sunday on a tuesday,20140304,2014,3,4,1,Tuesday
Sexta-Feira Santa,friday right before easter sunday,20140418,2014,4,18,4,Friday
Pascoa,easter sunday,20140420,2014,4,20,6,Sunday
25 de Abril,april 25th,20140425,2014,4,25,4,Friday
Dia do Trabalhador,may 1th,20140501,2014,5,1,3,Thursday
Dia de Portugal,june 10th,20140610,2014,6,10,1,Tuesday
Corpo de Deus,"60 days after easter sunday, on a thursday",20140619,2014,6,19,3,Thursday
Assuncao Maria,august 15th,20140815,2014,8,15,4,Friday
Implatacao da Republica,october 5th,20141005,2014,10,5,6,Sunday
Todos os Santos,november 1st,20141101,2014,11,1,5,Saturday
Restauracao da Independencia,december 1st,20141201,2014,12,1,0,Monday
Imaculada Conceicao,december 8th,20141208,2014,12,8,0,Monday
Natal,december 25th,20141225,2014,12,25,3,Thursday
Ano Novo,january 1st,20150101,2015,1,1,3,Thursday
Carnaval,47 days before easter sunday on a tuesday,20150217,2015,2,17,1,Tuesday
Sexta-Feira Santa,friday right before easter sunday,20150403,2015,4,3,4,Friday
Pascoa,easter sunday,20150405,2015,4,5,6,Sunday
25 de Abril,april 25th,20150425,2015,4,25,5,Saturday
Dia do Trabalhador,may 1th,20150501,2015,5,1,4,Friday
Corpo de Deus,"60 days after easter sunday, on a thursday",20150604,2015,6,4,3,Thursday
Dia de Portugal,june 10th,20150610,2015,6,10,2,Wednesday
Assuncao Maria,august 15th,20150815,2015,8,15,5,Saturday
Implatacao da Republica,october 5th,20151005,2015,10,5,0,Monday
Todos os Santos,november 1st,20151101,2015,11,1,6,Sunday
Restauracao da Independencia,december 1st,20151201,2015,12,1,1,Tuesday
Imaculada Conceicao,december 8th,20151208,2015,12,8,1,Tuesday
Natal,december 25th,20151225,2015,12,25,4,Friday
Ano Novo,january 1st,20160101,2016,1,1,4,Friday
Carnaval,47 days before easter sunday on a tuesday,20160209,2016,2,9,1,Tuesday
Sexta-Feira Santa,friday right before easter sunday,20160325,2016,3,25,4,Friday
Pascoa,easter sunday,20160327,2016,3,27,6,Sunday
25 de Abril,april 25th,20160425,2016,4,25,0,Monday
Dia do Trabalhador,may 1th,20160501,2016,5,1,6,Sunday
Corpo de Deus,"60 days after easter sunday, on a thursday",20160526,2016,5,26,3,Thursday
Dia de Portugal,june 10th,20160610,2016,6,10,4,Friday
Assuncao Maria,august 15th,20160815,2016,8,15,0,Monday
Implatacao da Republica,october 5th,20161005,2016,10,5,2,Wednesday
Todos os Santos,november 1st,20161101,2016,11,1,1,Tuesday
Restauracao da Independencia,december 1st,20161201,2016,12,1,3,Thursday
Imaculada Conceicao,december 8th,20161208,2016,12,8,3,Thursday
Natal,december 25th,20161225,2016,12,25,6,Sunday
Ano Novo,january 1st,20170101,2017,1,1,6,Sunday
Carnaval,47 days before easter sunday on a tuesday,20170228,2017,2,28,1,Tuesday
Sexta-Feira Santa,friday right before easter sunday,20170414,2017,4,14,4,Friday
Pascoa,easter sunday,20170416,2017,4,16,6,Sunday
25 de Abril,april 25th,20170425,2017,4,25,1,Tuesday
Dia do Trabalhador,may 1th,20170501,2017,5,1,0,Monday
Dia de Portugal,june 10th,20170610,2017,6,10,5,Saturday
Corpo de Deus,"60 days after easter sunday, on a thursday",20170615,2017,6,15,3,Thursday
Assuncao Maria,august 15th,20170815,2017,8,15,1,Tuesday
Implatacao da Republica,october 5th,20171005,2017,10,5,3,Thursday
Todos os Santos,november 1st,20171101,2017,11,1,2,Wednesday
Restauracao da Independencia,december 1st,20171201,2017,12,1,4,Friday
Imaculada Conceicao,december 8th,20171208,2017,12,8,4,Friday
Natal,december 25th,20171225,2017,12,25,0,Monday
Ano Novo,january 1st,20180101,2018,1,1,0,Monday
Carnaval,47 days before easter sunday on a tuesday,20180213,2018,2,13,1,Tuesday
Sexta-Feira Santa,friday right before easter sunday,20180330,2018,3,30,4,Friday
Pascoa,easter sunday,20180401,2018,4,1,6,Sunday
25 de Abril,april 25th,20180425,2018,4,25,2,Wednesday
Dia do Trabalhador,may 1th,20180501,2018,5,1,1,Tuesday
Corpo de Deus,"60 days after easter sunday, on a thursday",20180531,2018,5,31,3,Thursday
Dia de Portugal,june 10th,20180610,2018,6,10,6,Sunday
Assuncao Maria,august 15th,20180815,2018,8,15,2,Wednesday
Implatacao da Republica,october 5th,20181005,2018,10,5,4,Friday
Todos os Santos,november 1st,20181101,2018,11,1,3,Thursday
Restauracao da Independencia,december 1st,20181201,2018,12,1,5,Saturday
Imaculada Conceicao,december 8th,20181208,2018,12,8,5,Saturday
Natal,december 25th,20181225,2018,12,25,1,Tuesday
Ano Novo,january 1st,20190101,2019,1,1,1,Tuesday
Carnaval,47 days before easter sunday on a tuesday,20190305,2019,3,5,1,Tuesday
Sexta-Feira Santa,friday right before easter sunday,20190419,2019,4,19,4,Friday
Pascoa,easter sunday,20190421,2019,4,21,6,Sunday
25 de Abril,april 25th,20190425,2019,4,25,3,Thursday
Dia do Trabalhador,may 1th,20190501,2019,5,1,2,Wednesday
Dia de Portugal,june 10th,20190610,2019,6,10,0,Monday
Corpo de Deus,"60 days after easter sunday, on a thursday",20190620,2019,6,20,3,Thursday
Assuncao Maria,august 15th,20190815,2019,8,15,3,Thursday
Implatacao da Republica,october 5th,20191005,2019,10,5,5,Saturday
Todos os Santos,november 1st,20191101,2019,11,1,4,Friday
Restauracao da Independencia,december 1st,20191201,2019,12,1,6,Sunday
Imaculada Conceicao,december 8th,20191208,2019,12,8,6,Sunday
Natal,december 25th,20191225,2019,12,25,2,Wednesday
Ano Novo,january 1st,20200101,2020,1,1,2,Wednesday
Carnaval,47 days before easter sunday on a tuesday,20200225,2020,2,25,1,Tuesday
Sexta-Feira Santa,friday right before easter sunday,20200410,2020,4,10,4,Friday
Pascoa,easter sunday,20200412,2020,4,12,6,Sunday
25 de Abril,april 25th,20200425,2020,4,25,5,Saturday
Dia do Trabalhador,may 1th,20200501,2020,5,1,4,Friday
Dia de Portugal,june 10th,20200610,2020,6,10,2,Wednesday
Corpo de Deus,"60 days after easter sunday, on a thursday",20200611,2020,6,11,3,Thursday
Assuncao Maria,august 15th,20200815,2020,8,15,5,Saturday
Implatacao da Republica,october 5th,20201005,2020,10,5,0,Monday
Todos os Santos,november 1st,20201101,2020,11,1,6,Sunday
Restauracao da Independencia,december 1st,20201201,2020,12,1,1,Tuesday
Imaculada Conceicao,december 8th,20201208,2020,12,8,1,Tuesday
Natal,december 25th,20201225,2020,12,25,4,Friday
Ano Novo,january 1st,20210101,2021,1,1,4,Friday
Carnaval,47 days before easter sunday on a tuesday,20210216,2021,2,16,1,Tuesday
Sexta-Feira Santa,friday right before easter sunday,20210402,2021,4,2,4,Friday
Pascoa,easter sunday,20210404,2021,4,4,6,Sunday
25 de Abril,april 25th,20210425,2021,4,25,6,Sunday
Dia do Trabalhador,may 1th,20210501,2021,5,1,5,Saturday
Corpo de Deus,"60 days after easter sunday, on a thursday",20210603,2021,6,3,3,Thursday
Dia de Portugal,june 10th,20210610,2021,6,10,3,Thursday
Assuncao Maria,august 15th,20210815,2021,8,15,6,Sunday
Implatacao da Republica,october 5th,20211005,2021,10,5,1,Tuesday
Todos os Santos,november 1st,20211101,2021,11,1,0,Monday
Restauracao da Independencia,december 1st,20211201,2021,12,1,2,Wednesday
Imaculada Conceicao,december 8th,20211208,2021,12,8,2,Wednesday
Natal,december 25th,20211225,2021,12,25,5,Saturday
Ano Novo,january 1st,20220101,2022,1,1,5,Saturday
Carnaval,47 days before easter sunday on a tuesday,20220301,2022,3,1,1,Tuesday
Sexta-Feira Santa,friday right before easter sunday,20220415,2022,4,15,4,Friday
Pascoa,easter sunday,20220417,2022,4,17,6,Sunday
25 de Abril,april 25th,20220425,2022,4,25,0,Monday
Dia do Trabalhador,may 1th,20220501,2022,5,1,6,Sunday
Dia de Portugal,june 10th,20220610,2022,6,10,4,Friday
Corpo de Deus,"60 days after easter sunday, on a thursday",20220616,2022,6,16,3,Thursday
Assuncao Maria,august 15th,20220815,2022,8,15,0,Monday
Implatacao da Republica,october 5th,20221005,2022,10,5,2,Wednesday
Todos os Santos,november 1st,20221101,2022,11,1,1,Tuesday
Restauracao da Independencia,december 1st,20221201,2022,12,1,3,Thursday
Imaculada Conceicao,december 8th,20221208,2022,12,8,3,Thursday
Natal,december 25th,20221225,2022,12,25,6,Sunday
Ano Novo,january 1st,20230101,2023,1,1,6,Sunday
Carnaval,47 days before easter sunday on a tuesday,20230221,2023,2,21,1,Tuesday
Sexta-Feira Santa,friday right before easter sunday,20230407,2023,4,7,4,Friday
Pascoa,easter sunday,20230409,2023,4,9,6,Sunday
25 de Abril,april 25th,20230425,2023,4,25,1,Tuesday
Dia do Trabalhador,may 1th,20230501,2023,5,1,0,Monday
Corpo de Deus,"60 days after easter sunday, on a thursday",20230608,2023,6,8,3,Thursday
Dia de Portugal,june 10th,20230610,2023,6,10,5,Saturday
Assuncao Maria,august 15th,20230815,2023,8,15,1,Tuesday
Implatacao da Republica,october 5th,20231005,2023,10,5,3,Thursday
Todos os Santos,november 1st,20231101,2023,11,1,2,Wednesday
Restauracao da Independencia,december 1st,20231201,2023,12,1,4,Friday
Imaculada Conceicao,december 8th,20231208,2023,12,8,4,Friday
Natal,december 25th,20231225,2023,12,25,0,Monday
Ano Novo,january 1st,20240101,2024,1,1,0,Monday
Carnaval,47 days before easter sunday on a tuesday,20240213,2024,2,13,1,Tuesday
Sexta-Feira Santa,friday right before easter sunday,20240329,2024,3,29,4,Friday
Pascoa,easter sunday,20240331,2024,3,31,6,Sunday
25 de Abril,april 25th,20240425,2024,4,25,3,Thursday
Dia do Trabalhador,may 1th,20240501,2024,5,1,2,Wednesday
Corpo de Deus,"60 days after easter sunday, on a thursday",20240530,2024,5,30,3,Thursday
Dia de Portugal,june 10th,20240610,2024,6,10,0,Monday
Assuncao Maria,august 15th,20240815,2024,8,15,3,Thursday
Implatacao da Republica,october 5th,20241005,2024,10,5,5,Saturday
Todos os Santos,november 1st,20241101,2024,11,1,4,Friday
Restauracao da Independencia,december 1st,20241201,2024,12,1,6,Sunday
Imaculada Conceicao,december 8th,20241208,2024,12,8,6,Sunday
Natal,december 25th,20241225,2024,12,25,2,Wednesday
Ano Novo,january 1st,20250101,2025,1,1,2,Wednesday
Carnaval,47 days before easter sunday on a tuesday,20250304,2025,3,4,1,Tuesday
Sexta-Feira Santa,friday right before easter sunday,20250418,2025,4,18,4,Friday
Pascoa,easter sunday,20250420,2025,4,20,6,Sunday
25 de Abril,april 25th,20250425,2025,4,25,4,Friday
Dia do Trabalhador,may 1th,20250501,2025,5,1,3,Thursday
Dia de Portugal,june 10th,20250610,2025,6,10,1,Tuesday
Corpo de Deus,"60 days after easter sunday, on a thursday",20250619,2025,6,19,3,Thursday
Assuncao Maria,august 15th,20250815,2025,8,15,4,Friday
Implatacao da Republica,october 5th,20251005,2025,10,5,6,Sunday
Todos os Santos,november 1st,20251101,2025,11,1,5,Saturday
Restauracao da Independencia,december 1st,20251201,2025,12,1,0,Monday
Imaculada Conceicao,december 8th,20251208,2025,12,8,0,Monday
Natal,december 25th,20251225,2025,12,25,3,Thursday
Ano Novo,january 1st,20260101,2026,1,1,3,Thursday
Carnaval,47 days before easter sunday on a tuesday,20260217,2026,2,17,1,Tuesday
Sexta-Feira Santa,friday right before easter sunday,20260403,2026,4,3,4,Friday
Pascoa,easter sunday,20260405,2026,4,5,6,Sunday
25 de Abril,april 25th,20260425,2026,4,25,5,Saturday
Dia do Trabalhador,may 1th,20260501,2026,5,1,4,Friday
Corpo de Deus,"60 days after easter sunday, on a thursday",20260604,2026,6,4,3,Thursday
Dia de Portugal,june 10th,20260610,2026,6,10,2,Wednesday
Assuncao Maria,august 15th,20260815,2026,8,15,5,Saturday
Implatacao da Republica,october 5th,20261005,2026,10,5,0,Monday
Todos os Santos,november 1st,20261101,2026,11,1,6,Sunday
Restauracao da Independencia,december 1st,20261201,2026,12,1,1,Tuesday
Imaculada Conceicao,december 8th,20261208,2026,12,8,1,Tuesday
Natal,december 25th,20261225,2026,12,25,4,Friday
Ano Novo,january 1st,20270101,2027,1,1,4,Friday
Carnaval,47 days before easter sunday on a tuesday,20270209,2027,2,9,1,Tuesday
Sexta-Feira Santa,friday right before easter sunday,20270326,2027,3,26,4,Friday
Pascoa,easter sunday,20270328,2027,3,28,6,Sunday
25 de Abril,april 25th,20270425,2027,4,25,6,Sunday
Dia do Trabalhador,may 1th,20270501,2027,5,1,5,Saturday
Corpo de Deus,"60 days after easter sunday, on a thursday",20270527,2027,5,27,3,Thursday
Dia de Portugal,june 10th,20270610,2027,6,10,3,Thursday
Assuncao Maria,august 15th,20270815,2027,8,15,6,Sunday
Implatacao da Republica,october 5th,20271005,2027,10,5,1,Tuesday
Todos os Santos,november 1st,20271101,2027,11,1,0,Monday
Restauracao da Independencia,december 1st,20271201,2027,12,1,2,Wednesday
Imaculada Conceicao,december 8th,20271208,2027,12,8,2,Wednesday
Natal,december 25th,20271225,2027,12,25,5,Saturday
Ano Novo,january 1st,20280101,2028,1,1,5,Saturday
Carnaval,47 days before easter sunday on a tuesday,20280229,2028,2,29,1,Tuesday
Sexta-Feira Santa,friday right before easter sunday,20280414,2028,4,14,4,Friday
Pascoa,easter sunday,20280416,2028,4,16,6,Sunday
25 de Abril,april 25th,20280425,2028,4,25,1,Tuesday
Dia do Trabalhador,may 1th,20280501,2028,5,1,0,Monday
Dia de Portugal,june 10th,20280610,2028,6,10,5,Saturday
Corpo de Deus,"60 days after easter sunday, on a thursday",20280615,2028,6,15,3,Thursday
Assuncao Maria,august 15th,20280815,2028,8,15,1,Tuesday
Implatacao da Republica,october 5th,20281005,2028,10,5,3,Thursday
Todos os Santos,november 1st,20281101,2028,11,1,2,Wednesday
Restauracao da Independencia,december 1st,20281201,2028,12,1,4,Friday
Imaculada Conceicao,december 8th,20281208,2028,12,8,4,Friday
Natal,december 25th,20281225,2028,12,25,0,Monday
Ano Novo,january 1st,20290101,2029,1,1,0,Monday
Carnaval,47 days before easter sunday on a tuesday,20290213,2029,2,13,1,Tuesday
Sexta-Feira Santa,friday right before easter sunday,20290330,2029,3,30,4,Friday
Pascoa,easter sunday,20290401,2029,4,1,6,Sunday
25 de Abril,april 25th,20290425,2029,4,25,2,Wednesday
Dia do Trabalhador,may 1th,20290501,2029,5,1,1,Tuesday
Corpo de Deus,"60 days after easter sunday, on a thursday",20290531,2029,5,31,3,Thursday
Dia de Portugal,june 10th,20290610,2029,6,10,6,Sunday
Assuncao Maria,august 15th,20290815,2029,8,15,2,Wednesday
Implatacao da Republica,october 5th,20291005,2029,10,5,4,Friday
Todos os Santos,november 1st,20291101,2029,11,1,3,Thursday
Restauracao da Independencia,december 1st,20291201,2029,12,1,5,Saturday
Imaculada Conceicao,december 8th,20291208,2029,12,8,5,Saturday
Natal,december 25th,20291225,2029,12,25,1,Tuesday
Ano Novo,january 1st,20300101,2030,1,1,1,Tuesday
Carnaval,47 days before easter sunday on a tuesday,20300305,2030,3,5,1,Tuesday
Sexta-Feira Santa,friday right before easter sunday,20300419,2030,4,19,4,Friday
Pascoa,easter sunday,20300421,2030,4,21,6,Sunday
25 de Abril,april 25th,20300425,2030,4,25,3,Thursday
Dia do Trabalhador,may 1th,20300501,2030,5,1,2,Wednesday
Dia de Portugal,june 10th,20300610,2030,6,10,0,Monday
Corpo de Deus,"60 days after easter sunday, on a thursday",20300620,2030,6,20,3,Thursday
Assuncao Maria,august 15th,20300815,2030,8,15,3,Thursday
Implatacao da Republica,october 5th,20301005,2030,10,5,5,Saturday
Todos os Santos,november 1st,20301101,2030,11,1,4,Friday
Restauracao da Independencia,december 1st,20301201,2030,12,1,6,Sunday
Imaculada Conceicao,december 8th,20301208,2030,12,8,6,Sunday
Natal,december 25th,20301225,2030,12,25,2,Wednesday
Ano Novo,january 1st,20310101,2031,1,1,2,Wednesday
Carnaval,47 days before easter sunday on a tuesday,20310225,2031,2,25,1,Tuesday
Sexta-Feira Santa,friday right before easter sunday,20310411,2031,4,11,4,Friday
Pascoa,easter sunday,20310413,2031,4,13,6,Sunday
25 de Abril,april 25th,20310425,2031,4,25,4,Friday
Dia do Trabalhador,may 1th,20310501,2031,5,1,3,Thursday
Dia de Portugal,june 10th,20310610,2031,6,10,1,Tuesday
Corpo de Deus,"60 days after easter sunday, on a thursday",20310612,2031,6,12,3,Thursday
Assuncao Maria,august 15th,20310815,2031,8,15,4,Friday
Implatacao da Republica,october 5th,20311005,2031,10,5,6,Sunday
Todos os Santos,november 1st,20311101,2031,11,1,5,Saturday
Restauracao da Independencia,december 1st,20311201,2031,12,1,0,Monday
Imaculada Conceicao,december 8th,20311208,2031,12,8,0,Monday
Natal,december 25th,20311225,2031,12,25,3,Thursday
Ano Novo,january 1st,20320101,2032,1,1,3,Thursday
Carnaval,47 days before easter sunday on a tuesday,20320210,2032,2,10,1,Tuesday
Sexta-Feira Santa,friday right before easter sunday,20320326,2032,3,26,4,Friday
Pascoa,easter sunday,20320328,2032,3,28,6,Sunday
25 de Abril,april 25th,20320425,2032,4,25,6,Sunday
Dia do Trabalhador,may 1th,20320501,2032,5,1,5,Saturday
Corpo de Deus,"60 days after easter sunday, on a thursday",20320527,2032,5,27,3,Thursday
Dia de Portugal,june 10th,20320610,2032,6,10,3,Thursday
Assuncao Maria,august 15th,20320815,2032,8,15,6,Sunday
Implatacao da Republica,october 5th,20321005,2032,10,5,1,Tuesday
Todos os Santos,november 1st,20321101,2032,11,1,0,Monday
Restauracao da Independencia,december 1st,20321201,2032,12,1,2,Wednesday
Imaculada Conceicao,december 8th,20321208,2032,12,8,2,Wednesday
Natal,december 25th,20321225,2032,12,25,5,Saturday
Ano Novo,january 1st,20330101,2033,1,1,5,Saturday
Carnaval,47 days before easter sunday on a tuesday,20330301,2033,3,1,1,Tuesday
Sexta-Feira Santa,friday right before easter sunday,20330415,2033,4,15,4,Friday
Pascoa,easter sunday,20330417,2033,4,17,6,Sunday
25 de Abril,april 25th,20330425,2033,4,25,0,Monday
Dia do Trabalhador,may 1th,20330501,2033,5,1,6,Sunday
Dia de Portugal,june 10th,20330610,2033,6,10,4,Friday
Corpo de Deus,"60 days after easter sunday, on a thursday",20330616,2033,6,16,3,Thursday
Assuncao Maria,august 15th,20330815,2033,8,15,0,Monday
Implatacao da Republica,october 5th,20331005,2033,10,5,2,Wednesday
Todos os Santos,november 1st,20331101,2033,11,1,1,Tuesday
Restauracao da Independencia,december 1st,20331201,2033,12,1,3,Thursday
Imaculada Conceicao,december 8th,20331208,2033,12,8,3,Thursday
Natal,december 25th,20331225,2033,12,25,6,Sunday
Ano Novo,january 1st,20340101,2034,1,1,6,Sunday
Carnaval,47 days before easter sunday on a tuesday,20340221,2034,2,21,1,Tuesday
Sexta-Feira Santa,friday right before easter sunday,20340407,2034,4,7,4,Friday
Pascoa,easter sunday,20340409,2034,4,9,6,Sunday
25 de Abril,april 25th,20340425,2034,4,25,1,Tuesday
Dia do Trabalhador,may 1th,20340501,2034,5,1,0,Monday
Corpo de Deus,"60 days after easter sunday, on a thursday",20340608,2034,6,8,3,Thursday
Dia de Portugal,june 10th,20340610,2034,6,10,5,Saturday
Assuncao Maria,august 15th,20340815,2034,8,15,1,Tuesday
Implatacao da Republica,october 5th,20341005,2034,10,5,3,Thursday
Todos os Santos,november 1st,20341101,2034,11,1,2,Wednesday
Restauracao da Independencia,december 1st,20341201,2034,12,1,4,Friday
Imaculada Conceicao,december 8th,20341208,2034,12,8,4,Friday
Natal,december 25th,20341225,2034,12,25,0,Monday
Ano Novo,january 1st,20350101,2035,1,1,0,Monday
Carnaval,47 days before easter sunday on a tuesday,20350206,2035,2,6,1,Tuesday
Sexta-Feira Santa,friday right before easter sunday,20350323,2035,3,23,4,Friday
Pascoa,easter sunday,20350325,2035,3,25,6,Sunday
25 de Abril,april 25th,20350425,2035,4,25,2,Wednesday
Dia do Trabalhador,may 1th,20350501,2035,5,1,1,Tuesday
Corpo de Deus,"60 days after easter sunday, on a thursday",20350524,2035,5,24,3,Thursday
Dia de Portugal,june 10th,20350610,2035,6,10,6,Sunday
Assuncao Maria,august 15th,20350815,2035,8,15,2,Wednesday
Implatacao da Republica,october 5th,20351005,2035,10,5,4,Friday
Todos os Santos,november 1st,20351101,2035,11,1,3,Thursday
Restauracao da Independencia,december 1st,20351201,2035,12,1,5,Saturday
Imaculada Conceicao,december 8th,20351208,2035,12,8,5,Saturday
Natal,december 25th,20351225,2035,12,25,1,Tuesday
Ano Novo,january 1st,20360101,2036,1,1,1,Tuesday
Carnaval,47 days before easter sunday on a tuesday,20360226,2036,2,26,1,Tuesday
Sexta-Feira Santa,friday right before easter sunday,20360411,2036,4,11,4,Friday
Pascoa,easter sunday,20360413,2036,4,13,6,Sunday
25 de Abril,april 25th,20360425,2036,4,25,4,Friday
Dia do Trabalhador,may 1th,20360501,2036,5,1,3,Thursday
Dia de Portugal,june 10th,20360610,2036,6,10,1,Tuesday
Corpo de Deus,"60 days after easter sunday, on a thursday",20360612,2036,6,12,3,Thursday
Assuncao Maria,august 15th,20360815,2036,8,15,4,Friday
Implatacao da Republica,october 5th,20361005,2036,10,5,6,Sunday
Todos os Santos,november 1st,20361101,2036,11,1,5,Saturday
Restauracao da Independencia,december 1st,20361201,2036,12,1,0,Monday
Imaculada Conceicao,december 8th,20361208,2036,12,8,0,Monday
Natal,december 25th,20361225,2036,12,25,3,Thursday
Ano Novo,january 1st,20370101,2037,1,1,3,Thursday
Carnaval,47 days before easter sunday on a tuesday,20370217,2037,2,17,1,Tuesday
Sexta-Feira Santa,friday right before easter sunday,20370403,2037,4,3,4,Friday
Pascoa,easter sunday,20370405,2037,4,5,6,Sunday
25 de Abril,april 25th,20370425,2037,4,25,5,Saturday
Dia do Trabalhador,may 1th,20370501,2037,5,1,4,Friday
Corpo de Deus,"60 days after easter sunday, on a thursday",20370604,2037,6,4,3,Thursday
Dia de Portugal,june 10th,20370610,2037,6,10,2,Wednesday
Assuncao Maria,august 15th,20370815,2037,8,15,5,Saturday
Implatacao da Republica,october 5th,20371005,2037,10,5,0,Monday
Todos os Santos,november 1st,20371101,2037,11,1,6,Sunday
Restauracao da Independencia,december 1st,20371201,2037,12,1,1,Tuesday
Imaculada Conceicao,december 8th,20371208,2037,12,8,1,Tuesday
Natal,december 25th,20371225,2037,12,25,4,Friday
Ano Novo,january 1st,20380101,2038,1,1,4,Friday
Carnaval,47 days before easter sunday on a tuesday,20380309,2038,3,9,1,Tuesday
Sexta-Feira Santa,friday right before easter sunday,20380423,2038,4,23,4,Friday
Pascoa,easter sunday,20380425,2038,4,25,6,Sunday
25 de Abril,april 25th,20380425,2038,4,25,6,Sunday
Dia do Trabalhador,may 1th,20380501,2038,5,1,5,Saturday
Dia de Portugal,june 10th,20380610,2038,6,10,3,Thursday
Corpo de Deus,"60 days after easter sunday, on a thursday",20380624,2038,6,24,3,Thursday
Assuncao Maria,august 15th,20380815,2038,8,15,6,Sunday
Implatacao da Republica,october 5th,20381005,2038,10,5,1,Tuesday
Todos os Santos,november 1st,20381101,2038,11,1,0,Monday
Restauracao da Independencia,december 1st,20381201,2038,12,1,2,Wednesday
Imaculada Conceicao,december 8th,20381208,2038,12,8,2,Wednesday
Natal,december 25th,20381225,2038,12,25,5,Saturday
Ano Novo,january 1st,20390101,2039,1,1,5,Saturday
Carnaval,47 days before easter sunday on a tuesday,20390222,2039,2,22,1,Tuesday
Sexta-Feira Santa,friday right before easter sunday,20390408,2039,4,8,4,Friday
Pascoa,easter sunday,20390410,2039,4,10,6,Sunday
25 de Abril,april 25th,20390425,2039,4,25,0,Monday
Dia do Trabalhador,may 1th,20390501,2039,5,1,6,Sunday
Corpo de Deus,"60 days after easter sunday, on a thursday",20390609,2039,6,9,3,Thursday
Dia de Portugal,june 10th,20390610,2039,6,10,4,Friday
Assuncao Maria,august 15th,20390815,2039,8,15,0,Monday
Implatacao da Republica,october 5th,20391005,2039,10,5,2,Wednesday
Todos os Santos,november 1st,20391101,2039,11,1,1,Tuesday
Restauracao da Independencia,december 1st,20391201,2039,12,1,3,Thursday
Imaculada Conceicao,december 8th,20391208,2039,12,8,3,Thursday
Natal,december 25th,20391225,2039,12,25,6,Sunday
Ano Novo,january 1st,20400101,2040,1,1,6,Sunday
Carnaval,47 days before easter sunday on a tuesday,20400214,2040,2,14,1,Tuesday
Sexta-Feira Santa,friday right before easter sunday,20400330,2040,3,30,4,Friday
Pascoa,easter sunday,20400401,2040,4,1,6,Sunday
25 de Abril,april 25th,20400425,2040,4,25,2,Wednesday
Dia do Trabalhador,may 1th,20400501,2040,5,1,1,Tuesday
Corpo de Deus,"60 days after easter sunday, on a thursday",20400531,2040,5,31,3,Thursday
Dia de Portugal,june 10th,20400610,2040,6,10,6,Sunday
Assuncao Maria,august 15th,20400815,2040,8,15,2,Wednesday
Implatacao da Republica,october 5th,20401005,2040,10,5,4,Friday
Todos os Santos,november 1st,20401101,2040,11,1,3,Thursday
Restauracao da Independencia,december 1st,20401201,2040,12,1,5,Saturday
Imaculada Conceicao,december 8th,20401208,2040,12,8,5,Saturday
Natal,december 25th,20401225,2040,12,25,1,Tuesday
Ano Novo,january 1st,20410101,2041,1,1,1,Tuesday
Carnaval,47 days before easter sunday on a tuesday,20410305,2041,3,5,1,Tuesday
Sexta-Feira Santa,friday right before easter sunday,20410419,2041,4,19,4,Friday
Pascoa,easter sunday,20410421,2041,4,21,6,Sunday
25 de Abril,april 25th,20410425,2041,4,25,3,Thursday
Dia do Trabalhador,may 1th,20410501,2041,5,1,2,Wednesday
Dia de Portugal,june 10th,20410610,2041,6,10,0,Monday
Corpo de Deus,"60 days after easter sunday, on a thursday",20410620,2041,6,20,3,Thursday
Assuncao Maria,august 15th,20410815,2041,8,15,3,Thursday
Implatacao da Republica,october 5th,20411005,2041,10,5,5,Saturday
Todos os Santos,november 1st,20411101,2041,11,1,4,Friday
Restauracao da Independencia,december 1st,20411201,2041,12,1,6,Sunday
Imaculada Conceicao,december 8th,20411208,2041,12,8,6,Sunday
Natal,december 25th,20411225,2041,12,25,2,Wednesday
Ano Novo,january 1st,20420101,2042,1,1,2,Wednesday
Carnaval,47 days before easter sunday on a tuesday,20420218,2042,2,18,1,Tuesday
Sexta-Feira Santa,friday right before easter sunday,20420404,2042,4,4,4,Friday
Pascoa,easter sunday,20420406,2042,4,6,6,Sunday
25 de Abril,april 25th,20420425,2042,4,25,4,Friday
Dia do Trabalhador,may 1th,20420501,2042,5,1,3,Thursday
Corpo de Deus,"60 days after easter sunday, on a thursday",20420605,2042,6,5,3,Thursday
Dia de Portugal,june 10th,20420610,2042,6,10,1,Tuesday
Assuncao Maria,august 15th,20420815,2042,8,15,4,Friday
Implatacao da Republica,october 5th,20421005,2042,10,5,6,Sunday
Todos os Santos,november 1st,20421101,2042,11,1,5,Saturday
Restauracao da Independencia,december 1st,20421201,2042,12,1,0,Monday
Imaculada Conceicao,december 8th,20421208,2042,12,8,0,Monday
Natal,december 25th,20421225,2042,12,25,3,Thursday
Ano Novo,january 1st,20430101,2043,1,1,3,Thursday
Carnaval,47 days before easter sunday on a tuesday,20430210,2043,2,10,1,Tuesday
Sexta-Feira Santa,friday right before easter sunday,20430327,2043,3,27,4,Friday
Pascoa,easter sunday,20430329,2043,3,29,6,Sunday
25 de Abril,april 25th,20430425,2043,4,25,5,Saturday
Dia do Trabalhador,may 1th,20430501,2043,5,1,4,Friday
Corpo de Deus,"60 days after easter sunday, on a thursday",20430528,2043,5,28,3,Thursday
Dia de Portugal,june 10th,20430610,2043,6,10,2,Wednesday
Assuncao Maria,august 15th,20430815,2043,8,15,5,Saturday
Implatacao da Republica,october 5th,20431005,2043,10,5,0,Monday
Todos os Santos,november 1st,20431101,2043,11,1,6,Sunday
Restauracao da Independencia,december 1st,20431201,2043,12,1,1,Tuesday
Imaculada Conceicao,december 8th,20431208,2043,12,8,1,Tuesday
Natal,december 25th,20431225,2043,12,25,4,Friday
Ano Novo,january 1st,20440101,2044,1,1,4,Friday
Carnaval,47 days before easter sunday on a tuesday,20440301,2044,3,1,1,Tuesday
Sexta-Feira Santa,friday right before easter sunday,20440415,2044,4,15,4,Friday
Pascoa,easter sunday,20440417,2044,4,17,6,Sunday
25 de Abril,april 25th,20440425,2044,4,25,0,Monday
Dia do Trabalhador,may 1th,20440501,2044,5,1,6,Sunday
Dia de Portugal,june 10th,20440610,2044,6,10,4,Friday
Corpo de Deus,"60 days after easter sunday, on a thursday",20440616,2044,6,16,3,Thursday
Assuncao Maria,august 15th,20440815,2044,8,15,0,Monday
Implatacao da Republica,october 5th,20441005,2044,10,5,2,Wednesday
Todos os Santos,november 1st,20441101,2044,11,1,1,Tuesday
Restauracao da Independencia,december 1st,20441201,2044,12,1,3,Thursday
Imaculada Conceicao,december 8th,20441208,2044,12,8,3,Thursday
Natal,december 25th,20441225,2044,12,25,6,Sunday
Ano Novo,january 1st,20450101,2045,1,1,6,Sunday
Carnaval,47 days before easter sunday on a tuesday,20450221,2045,2,21,1,Tuesday
Sexta-Feira Santa,friday right before easter sunday,20450407,2045,4,7,4,Friday
Pascoa,easter sunday,20450409,2045,4,9,6,Sunday
25 de Abril,april 25th,20450425,2045,4,25,1,Tuesday
Dia do Trabalhador,may 1th,20450501,2045,5,1,0,Monday
Corpo de Deus,"60 days after easter sunday, on a thursday",20450608,2045,6,8,3,Thursday
Dia de Portugal,june 10th,20450610,2045,6,10,5,Saturday
Assuncao Maria,august 15th,20450815,2045,8,15,1,Tuesday
Implatacao da Republica,october 5th,20451005,2045,10,5,3,Thursday
Todos os Santos,november 1st,20451101,2045,11,1,2,Wednesday
Restauracao da Independencia,december 1st,20451201,2045,12,1,4,Friday
Imaculada Conceicao,december 8th,20451208,2045,12,8,4,Friday
Natal,december 25th,20451225,2045,12,25,0,Monday
Ano Novo,january 1st,20460101,2046,1,1,0,Monday
Carnaval,47 days before easter sunday on a tuesday,20460206,2046,2,6,1,Tuesday
Sexta-Feira Santa,friday right before easter sunday,20460323,2046,3,23,4,Friday
Pascoa,easter sunday,20460325,2046,3,25,6,Sunday
25 de Abril,april 25th,20460425,2046,4,25,2,Wednesday
Dia do Trabalhador,may 1th,20460501,2046,5,1,1,Tuesday
Corpo de Deus,"60 days after easter sunday, on a thursday",20460524,2046,5,24,3,Thursday
Dia de Portugal,june 10th,20460610,2046,6,10,6,Sunday
Assuncao Maria,august 15th,20460815,2046,8,15,2,Wednesday
Implatacao da Republica,october 5th,20461005,2046,10,5,4,Friday
Todos os Santos,november 1st,20461101,2046,11,1,3,Thursday
Restauracao da Independencia,december 1st,20461201,2046,12,1,5,Saturday
Imaculada Conceicao,december 8th,20461208,2046,12,8,5,Saturday
Natal,december 25th,20461225,2046,12,25,1,Tuesday
Ano Novo,january 1st,20470101,2047,1,1,1,Tuesday
Carnaval,47 days before easter sunday on a tuesday,20470226,2047,2,26,1,Tuesday
Sexta-Feira Santa,friday right before easter sunday,20470412,2047,4,12,4,Friday
Pascoa,easter sunday,20470414,2047,4,14,6,Sunday
25 de Abril,april 25th,20470425,2047,4,25,3,Thursday
Dia do Trabalhador,may 1th,20470501,2047,5,1,2,Wednesday
Dia de Portugal,june 10th,20470610,2047,6,10,0,Monday
Corpo de Deus,"60 days after easter sunday, on a thursday",20470613,2047,6,13,3,Thursday
Assuncao Maria,august 15th,20470815,2047,8,15,3,Thursday
Implatacao da Republica,october 5th,20471005,2047,10,5,5,Saturday
Todos os Santos,november 1st,20471101,2047,11,1,4,Friday
Restauracao da Independencia,december 1st,20471201,2047,12,1,6,Sunday
Imaculada Conceicao,december 8th,20471208,2047,12,8,6,Sunday
Natal,december 25th,20471225,2047,12,25,2,Wednesday
Ano Novo,january 1st,20480101,2048,1,1,2,Wednesday
Carnaval,47 days before easter sunday on a tuesday,20480218,2048,2,18,1,Tuesday
Sexta-Feira Santa,friday right before easter sunday,20480403,2048,4,3,4,Friday
Pascoa,easter sunday,20480405,2048,4,5,6,Sunday
25 de Abril,april 25th,20480425,2048,4,25,5,Saturday
Dia do Trabalhador,may 1th,20480501,2048,5,1,4,Friday
Corpo de Deus,"60 days after easter sunday, on a thursday",20480604,2048,6,4,3,Thursday
Dia de Portugal,june 10th,20480610,2048,6,10,2,Wednesday
Assuncao Maria,august 15th,20480815,2048,8,15,5,Saturday
Implatacao da Republica,october 5th,20481005,2048,10,5,0,Monday
Todos os Santos,november 1st,20481101,2048,11,1,6,Sunday
Restauracao da Independencia,december 1st,20481201,2048,12,1,1,Tuesday
Imaculada Conceicao,december 8th,20481208,2048,12,8,1,Tuesday
Natal,december 25th,20481225,2048,12,25,4,Friday
Ano Novo,january 1st,20490101,2049,1,1,4,Friday
Carnaval,47 days before easter sunday on a tuesday,20490302,2049,3,2,1,Tuesday
Sexta-Feira Santa,friday right before easter sunday,20490416,2049,4,16,4,Friday
Pascoa,easter sunday,20490418,2049,4,18,6,Sunday
25 de Abril,april 25th,20490425,2049,4,25,6,Sunday
Dia do Trabalhador,may 1th,20490501,2049,5,1,5,Saturday
Dia de Portugal,june 10th,20490610,2049,6,10,3,Thursday
Corpo de Deus,"60 days after easter sunday, on a thursday",20490617,2049,6,17,3,Thursday
Assuncao Maria,august 15th,20490815,2049,8,15,6,Sunday
Implatacao da Republica,october 5th,20491005,2049,10,5,1,Tuesday
Todos os Santos,november 1st,20491101,2049,11,1,0,Monday
Restauracao da Independencia,december 1st,20491201,2049,12,1,2,Wednesday
Imaculada Conceicao,december 8th,20491208,2049,12,8,2,Wednesday
Natal,december 25th,20491225,2049,12,25,5,Saturday
Ano Novo,january 1st,20500101,2050,1,1,5,Saturday
Carnaval,47 days before easter sunday on a tuesday,20500222,2050,2,22,1,Tuesday
Sexta-Feira Santa,friday right before easter sunday,20500408,2050,4,8,4,Friday
Pascoa,easter sunday,20500410,2050,4,10,6,Sunday
25 de Abril,april 25th,20500425,2050,4,25,0,Monday
Dia do Trabalhador,may 1th,20500501,2050,5,1,6,Sunday
Corpo de Deus,"60 days after easter sunday, on a thursday",20500609,2050,6,9,3,Thursday
Dia de Portugal,june 10th,20500610,2050,6,10,4,Friday
Assuncao Maria,august 15th,20500815,2050,8,15,0,Monday
Implatacao da Republica,october 5th,20501005,2050,10,5,2,Wednesday
Todos os Santos,november 1st,20501101,2050,11,1,1,Tuesday
Restauracao da Independencia,december 1st,20501201,2050,12,1,3,Thursday
Imaculada Conceicao,december 8th,20501208,2050,12,8,3,Thursday
Natal,december 25th,20501225,2050,12,25,6,Sunday
Ano Novo,january 1st,20510101,2051,1,1,6,Sunday
Carnaval,47 days before easter sunday on a tuesday,20510214,2051,2,14,1,Tuesday
Sexta-Feira Santa,friday right before easter sunday,20510331,2051,3,31,4,Friday
Pascoa,easter sunday,20510402,2051,4,2,6,Sunday
25 de Abril,april 25th,20510425,2051,4,25,1,Tuesday
Dia do Trabalhador,may 1th,20510501,2051,5,1,0,Monday
Corpo de Deus,"60 days after easter sunday, on a thursday",20510601,2051,6,1,3,Thursday
Dia de Portugal,june 10th,20510610,2051,6,10,5,Saturday
Assuncao Maria,august 15th,20510815,2051,8,15,1,Tuesday
Implatacao da Republica,october 5th,20511005,2051,10,5,3,Thursday
Todos os Santos,november 1st,20511101,2051,11,1,2,Wednesday
Restauracao da Independencia,december 1st,20511201,2051,12,1,4,Friday
Imaculada Conceicao,december 8th,20511208,2051,12,8,4,Friday
Natal,december 25th,20511225,2051,12,25,0,Monday
Ano Novo,january 1st,20520101,2052,1,1,0,Monday
Carnaval,47 days before easter sunday on a tuesday,20520305,2052,3,5,1,Tuesday
Sexta-Feira Santa,friday right before easter sunday,20520419,2052,4,19,4,Friday
Pascoa,easter sunday,20520421,2052,4,21,6,Sunday
25 de Abril,april 25th,20520425,2052,4,25,3,Thursday
Dia do Trabalhador,may 1th,20520501,2052,5,1,2,Wednesday
Dia de Portugal,june 10th,20520610,2052,6,10,0,Monday
Corpo de Deus,"60 days after easter sunday, on a thursday",20520620,2052,6,20,3,Thursday
Assuncao Maria,august 15th,20520815,2052,8,15,3,Thursday
Implatacao da Republica,october 5th,20521005,2052,10,5,5,Saturday
Todos os Santos,november 1st,20521101,2052,11,1,4,Friday
Restauracao da Independencia,december 1st,20521201,2052,12,1,6,Sunday
Imaculada Conceicao,december 8th,20521208,2052,12,8,6,Sunday
Natal,december 25th,20521225,2052,12,25,2,Wednesday
Ano Novo,january 1st,20530101,2053,1,1,2,Wednesday
Carnaval,47 days before easter sunday on a tuesday,20530218,2053,2,18,1,Tuesday
Sexta-Feira Santa,friday right before easter sunday,20530404,2053,4,4,4,Friday
Pascoa,easter sunday,20530406,2053,4,6,6,Sunday
25 de Abril,april 25th,20530425,2053,4,25,4,Friday
Dia do Trabalhador,may 1th,20530501,2053,5,1,3,Thursday
Corpo de Deus,"60 days after easter sunday, on a thursday",20530605,2053,6,5,3,Thursday
Dia de Portugal,june 10th,20530610,2053,6,10,1,Tuesday
Assuncao Maria,august 15th,20530815,2053,8,15,4,Friday
Implatacao da Republica,october 5th,20531005,2053,10,5,6,Sunday
Todos os Santos,november 1st,20531101,2053,11,1,5,Saturday
Restauracao da Independencia,december 1st,20531201,2053,12,1,0,Monday
Imaculada Conceicao,december 8th,20531208,2053,12,8,0,Monday
Natal,december 25th,20531225,2053,12,25,3,Thursday
Ano Novo,january 1st,20540101,2054,1,1,3,Thursday
Carnaval,47 days before easter sunday on a tuesday,20540210,2054,2,10,1,Tuesday
Sexta-Feira Santa,friday right before easter sunday,20540327,2054,3,27,4,Friday
Pascoa,easter sunday,20540329,2054,3,29,6,Sunday
25 de Abril,april 25th,20540425,2054,4,25,5,Saturday
Dia do Trabalhador,may 1th,20540501,2054,5,1,4,Friday
Corpo de Deus,"60 days after easter sunday, on a thursday",20540528,2054,5,28,3,Thursday
Dia de Portugal,june 10th,20540610,2054,6,10,2,Wednesday
Assuncao Maria,august 15th,20540815,2054,8,15,5,Saturday
Implatacao da Republica,october 5th,20541005,2054,10,5,0,Monday
Todos os Santos,november 1st,20541101,2054,11,1,6,Sunday
Restauracao da Independencia,december 1st,20541201,2054,12,1,1,Tuesday
Imaculada Conceicao,december 8th,20541208,2054,12,8,1,Tuesday
Natal,december 25th,20541225,2054,12,25,4,Friday
Ano Novo,january 1st,20550101,2055,1,1,4,Friday
Carnaval,47 days before easter sunday on a tuesday,20550302,2055,3,2,1,Tuesday
Sexta-Feira Santa,friday right before easter sunday,20550416,2055,4,16,4,Friday
Pascoa,easter sunday,20550418,2055,4,18,6,Sunday
25 de Abril,april 25th,20550425,2055,4,25,6,Sunday
Dia do Trabalhador,may 1th,20550501,2055,5,1,5,Saturday
Dia de Portugal,june 10th,20550610,2055,6,10,3,Thursday
Corpo de Deus,"60 days after easter sunday, on a thursday",20550617,2055,6,17,3,Thursday
Assuncao Maria,august 15th,20550815,2055,8,15,6,Sunday
Implatacao da Republica,october 5th,20551005,2055,10,5,1,Tuesday
Todos os Santos,november 1st,20551101,2055,11,1,0,Monday
Restauracao da Independencia,december 1st,20551201,2055,12,1,2,Wednesday
Imaculada Conceicao,december 8th,20551208,2055,12,8,2,Wednesday
Natal,december 25th,20551225,2055,12,25,5,Saturday
Ano Novo,january 1st,20560101,2056,1,1,5,Saturday
Carnaval,47 days before easter sunday on a tuesday,20560215,2056,2,15,1,Tuesday
Sexta-Feira Santa,friday right before easter sunday,20560331,2056,3,31,4,Friday
Pascoa,easter sunday,20560402,2056,4,2,6,Sunday
25 de Abril,april 25th,20560425,2056,4,25,1,Tuesday
Dia do Trabalhador,may 1th,20560501,2056,5,1,0,Monday
Corpo de Deus,"60 days after easter sunday, on a thursday",20560601,2056,6,1,3,Thursday
Dia de Portugal,june 10th,20560610,2056,6,10,5,Saturday
Assuncao Maria,august 15th,20560815,2056,8,15,1,Tuesday
Implatacao da Republica,october 5th,20561005,2056,10,5,3,Thursday
Todos os Santos,november 1st,20561101,2056,11,1,2,Wednesday
Restauracao da Independencia,december 1st,20561201,2056,12,1,4,Friday
Imaculada Conceicao,december 8th,20561208,2056,12,8,4,Friday
Natal,december 25th,20561225,2056,12,25,0,Monday
Ano Novo,january 1st,20570101,2057,1,1,0,Monday
Carnaval,47 days before easter sunday on a tuesday,20570306,2057,3,6,1,Tuesday
Sexta-Feira Santa,friday right before easter sunday,20570420,2057,4,20,4,Friday
Pascoa,easter sunday,20570422,2057,4,22,6,Sunday
25 de Abril,april 25th,20570425,2057,4,25,2,Wednesday
Dia do Trabalhador,may 1th,20570501,2057,5,1,1,Tuesday
Dia de Portugal,june 10th,20570610,2057,6,10,6,Sunday
Corpo de Deus,"60 days after easter sunday, on a thursday",20570621,2057,6,21,3,Thursday
Assuncao Maria,august 15th,20570815,2057,8,15,2,Wednesday
Implatacao da Republica,october 5th,20571005,2057,10,5,4,Friday
Todos os Santos,november 1st,20571101,2057,11,1,3,Thursday
Restauracao da Independencia,december 1st,20571201,2057,12,1,5,Saturday
Imaculada Conceicao,december 8th,20571208,2057,12,8,5,Saturday
Natal,december 25th,20571225,2057,12,25,1,Tuesday
Ano Novo,january 1st,20580101,2058,1,1,1,Tuesday
Carnaval,47 days before easter sunday on a tuesday,20580226,2058,2,26,1,Tuesday
Sexta-Feira Santa,friday right before easter sunday,20580412,2058,4,12,4,Friday
Pascoa,easter sunday,20580414,2058,4,14,6,Sunday
25 de Abril,april 25th,20580425,2058,4,25,3,Thursday
Dia do Trabalhador,may 1th,20580501,2058,5,1,2,Wednesday
Dia de Portugal,june 10th,20580610,2058,6,10,0,Monday
Corpo de Deus,"60 days after easter sunday, on a thursday",20580613,2058,6,13,3,Thursday
Assuncao Maria,august 15th,20580815,2058,8,15,3,Thursday
Implatacao da Republica,october 5th,20581005,2058,10,5,5,Saturday
Todos os Santos,november 1st,20581101,2058,11,1,4,Friday
Restauracao da Independencia,december 1st,20581201,2058,12,1,6,Sunday
Imaculada Conceicao,december 8th,20581208,2058,12,8,6,Sunday
Natal,december 25th,20581225,2058,12,25,2,Wednesday
Ano Novo,january 1st,20590101,2059,1,1,2,Wednesday
Carnaval,47 days before easter sunday on a tuesday,20590211,2059,2,11,1,Tuesday
Sexta-Feira Santa,friday right before easter sunday,20590328,2059,3,28,4,Friday
Pascoa,easter sunday,20590330,2059,3,30,6,Sunday
25 de Abril,april 25th,20590425,2059,4,25,4,Friday
Dia do Trabalhador,may 1th,20590501,2059,5,1,3,Thursday
Corpo de Deus,"60 days after easter sunday, on a thursday",20590529,2059,5,29,3,Thursday
Dia de Portugal,june 10th,20590610,2059,6,10,1,Tuesday
Assuncao Maria,august 15th,20590815,2059,8,15,4,Friday
Implatacao da Republica,october 5th,20591005,2059,10,5,6,Sunday
Todos os Santos,november 1st,20591101,2059,11,1,5,Saturday
Restauracao da Independencia,december 1st,20591201,2059,12,1,0,Monday
Imaculada Conceicao,december 8th,20591208,2059,12,8,0,Monday
Natal,december 25th,20591225,2059,12,25,3,Thursday
Ano Novo,january 1st,20600101,2060,1,1,3,Thursday
Carnaval,47 days before easter sunday on a tuesday,20600302,2060,3,2,1,Tuesday
Sexta-Feira Santa,friday right before easter sunday,20600416,2060,4,16,4,Friday
Pascoa,easter sunday,20600418,2060,4,18,6,Sunday
25 de Abril,april 25th,20600425,2060,4,25,6,Sunday
Dia do Trabalhador,may 1th,20600501,2060,5,1,5,Saturday
Dia de Portugal,june 10th,20600610,2060,6,10,3,Thursday
Corpo de Deus,"60 days after easter sunday, on a thursday",20600617,2060,6,17,3,Thursday
Assuncao Maria,august 15th,20600815,2060,8,15,6,Sunday
Implatacao da Republica,october 5th,20601005,2060,10,5,1,Tuesday
Todos os Santos,november 1st,20601101,2060,11,1,0,Monday
Restauracao da Independencia,december 1st,20601201,2060,12,1,2,Wednesday
Imaculada Conceicao,december 8th,20601208,2060,12,8,2,Wednesday
Natal,december 25th,20601225,2060,12,25,5,Saturday
Ano Novo,january 1st,20610101,2061,1,1,5,Saturday
Carnaval,47 days before easter sunday on a tuesday,20610222,2061,2,22,1,Tuesday
Sexta-Feira Santa,friday right before easter sunday,20610408,2061,4,8,4,Friday
Pascoa,easter sunday,20610410,2061,4,10,6,Sunday
25 de Abril,april 25th,20610425,2061,4,25,0,Monday
Dia do Trabalhador,may 1th,20610501,2061,5,1,6,Sunday
Corpo de Deus,"60 days after easter sunday, on a thursday",20610609,2061,6,9,3,Thursday
Dia de Portugal,june 10th,20610610,2061,6,10,4,Friday
Assuncao Maria,august 15th,20610815,2061,8,15,0,Monday
Implatacao da Republica,october 5th,20611005,2061,10,5,2,Wednesday
Todos os Santos,november 1st,20611101,2061,11,1,1,Tuesday
Restauracao da Independencia,december 1st,20611201,2061,12,1,3,Thursday
Imaculada Conceicao,december 8th,20611208,2061,12,8,3,Thursday
Natal,december 25th,20611225,2061,12,25,6,Sunday
Ano Novo,january 1st,20620101,2062,1,1,6,Sunday
Carnaval,47 days before easter sunday on a tuesday,20620207,2062,2,7,1,Tuesday
Sexta-Feira Santa,friday right before easter sunday,20620324,2062,3,24,4,Friday
Pascoa,easter sunday,20620326,2062,3,26,6,Sunday
25 de Abril,april 25th,20620425,2062,4,25,1,Tuesday
Dia do Trabalhador,may 1th,20620501,2062,5,1,0,Monday
Corpo de Deus,"60 days after easter sunday, on a thursday",20620525,2062,5,25,3,Thursday
Dia de Portugal,june 10th,20620610,2062,6,10,5,Saturday
Assuncao Maria,august 15th,20620815,2062,8,15,1,Tuesday
Implatacao da Republica,october 5th,20621005,2062,10,5,3,Thursday
Todos os Santos,november 1st,20621101,2062,11,1,2,Wednesday
Restauracao da Independencia,december 1st,20621201,2062,12,1,4,Friday
Imaculada Conceicao,december 8th,20621208,2062,12,8,4,Friday
Natal,december 25th,20621225,2062,12,25,0,Monday
Ano Novo,january 1st,20630101,2063,1,1,0,Monday
Carnaval,47 days before easter sunday on a tuesday,20630227,2063,2,27,1,Tuesday
Sexta-Feira Santa,friday right before easter sunday,20630413,2063,4,13,4,Friday
Pascoa,easter sunday,20630415,2063,4,15,6,Sunday
25 de Abril,april 25th,20630425,2063,4,25,2,Wednesday
Dia do Trabalhador,may 1th,20630501,2063,5,1,1,Tuesday
Dia de Portugal,june 10th,20630610,2063,6,10,6,Sunday
Corpo de Deus,"60 days after easter sunday, on a thursday",20630614,2063,6,14,3,Thursday
Assuncao Maria,august 15th,20630815,2063,8,15,2,Wednesday
Implatacao da Republica,october 5th,20631005,2063,10,5,4,Friday
Todos os Santos,november 1st,20631101,2063,11,1,3,Thursday
Restauracao da Independencia,december 1st,20631201,2063,12,1,5,Saturday
Imaculada Conceicao,december 8th,20631208,2063,12,8,5,Saturday
Natal,december 25th,20631225,2063,12,25,1,Tuesday
Ano Novo,january 1st,20640101,2064,1,1,1,Tuesday
Carnaval,47 days before easter sunday on a tuesday,20640219,2064,2,19,1,Tuesday
Sexta-Feira Santa,friday right before easter sunday,20640404,2064,4,4,4,Friday
Pascoa,easter sunday,20640406,2064,4,6,6,Sunday
25 de Abril,april 25th,20640425,2064,4,25,4,Friday
Dia do Trabalhador,may 1th,20640501,2064,5,1,3,Thursday
Corpo de Deus,"60 days after easter sunday, on a thursday",20640605,2064,6,5,3,Thursday
Dia de Portugal,june 10th,20640610,2064,6,10,1,Tuesday
Assuncao Maria,august 15th,20640815,2064,8,15,4,Friday
Implatacao da Republica,october 5th,20641005,2064,10,5,6,Sunday
Todos os Santos,november 1st,20641101,2064,11,1,5,Saturday
Restauracao da Independencia,december 1st,20641201,2064,12,1,0,Monday
Imaculada Conceicao,december 8th,20641208,2064,12,8,0,Monday
Natal,december 25th,20641225,2064,12,25,3,Thursday
Ano Novo,january 1st,20650101,2065,1,1,3,Thursday
Carnaval,47 days before easter sunday on a tuesday,20650210,2065,2,10,1,Tuesday
Sexta-Feira Santa,friday right before easter sunday,20650327,2065,3,27,4,Friday
Pascoa,easter sunday,20650329,2065,3,29,6,Sunday
25 de Abril,april 25th,20650425,2065,4,25,5,Saturday
Dia do Trabalhador,may 1th,20650501,2065,5,1,4,Friday
Corpo de Deus,"60 days after easter sunday, on a thursday",20650528,2065,5,28,3,Thursday
Dia de Portugal,june 10th,20650610,2065,6,10,2,Wednesday
Assuncao Maria,august 15th,20650815,2065,8,15,5,Saturday
Implatacao da Republica,october 5th,20651005,2065,10,5,0,Monday
Todos os Santos,november 1st,20651101,2065,11,1,6,Sunday
Restauracao da Independencia,december 1st,20651201,2065,12,1,1,Tuesday
Imaculada Conceicao,december 8th,20651208,2065,12,8,1,Tuesday
Natal,december 25th,20651225,2065,12,25,4,Friday
Ano Novo,january 1st,20660101,2066,1,1,4,Friday
Carnaval,47 days before easter sunday on a tuesday,20660223,2066,2,23,1,Tuesday
Sexta-Feira Santa,friday right before easter sunday,20660409,2066,4,9,4,Friday
Pascoa,easter sunday,20660411,2066,4,11,6,Sunday
25 de Abril,april 25th,20660425,2066,4,25,6,Sunday
Dia do Trabalhador,may 1th,20660501,2066,5,1,5,Saturday
Dia de Portugal,june 10th,20660610,2066,6,10,3,Thursday
Corpo de Deus,"60 days after easter sunday, on a thursday",20660610,2066,6,10,3,Thursday
Assuncao Maria,august 15th,20660815,2066,8,15,6,Sunday
Implatacao da Republica,october 5th,20661005,2066,10,5,1,Tuesday
Todos os Santos,november 1st,20661101,2066,11,1,0,Monday
Restauracao da Independencia,december 1st,20661201,2066,12,1,2,Wednesday
Imaculada Conceicao,december 8th,20661208,2066,12,8,2,Wednesday
Natal,december 25th,20661225,2066,12,25,5,Saturday
Ano Novo,january 1st,20670101,2067,1,1,5,Saturday
Carnaval,47 days before easter sunday on a tuesday,20670215,2067,2,15,1,Tuesday
Sexta-Feira Santa,friday right before easter sunday,20670401,2067,4,1,4,Friday
Pascoa,easter sunday,20670403,2067,4,3,6,Sunday
25 de Abril,april 25th,20670425,2067,4,25,0,Monday
Dia do Trabalhador,may 1th,20670501,2067,5,1,6,Sunday
Corpo de Deus,"60 days after easter sunday, on a thursday",20670602,2067,6,2,3,Thursday
Dia de Portugal,june 10th,20670610,2067,6,10,4,Friday
Assuncao Maria,august 15th,20670815,2067,8,15,0,Monday
Implatacao da Republica,october 5th,20671005,2067,10,5,2,Wednesday
Todos os Santos,november 1st,20671101,2067,11,1,1,Tuesday
Restauracao da Independencia,december 1st,20671201,2067,12,1,3,Thursday
Imaculada Conceicao,december 8th,20671208,2067,12,8,3,Thursday
Natal,december 25th,20671225,2067,12,25,6,Sunday
Ano Novo,january 1st,20680101,2068,1,1,6,Sunday
Carnaval,47 days before easter sunday on a tuesday,20680306,2068,3,6,1,Tuesday
Sexta-Feira Santa,friday right before easter sunday,20680420,2068,4,20,4,Friday
Pascoa,easter sunday,20680422,2068,4,22,6,Sunday
25 de Abril,april 25th,20680425,2068,4,25,2,Wednesday
Dia do Trabalhador,may 1th,20680501,2068,5,1,1,Tuesday
Dia de Portugal,june 10th,20680610,2068,6,10,6,Sunday
Corpo de Deus,"60 days after easter sunday, on a thursday",20680621,2068,6,21,3,Thursday
Assuncao Maria,august 15th,20680815,2068,8,15,2,Wednesday
Implatacao da Republica,october 5th,20681005,2068,10,5,4,Friday
Todos os Santos,november 1st,20681101,2068,11,1,3,Thursday
Restauracao da Independencia,december 1st,20681201,2068,12,1,5,Saturday
Imaculada Conceicao,december 8th,20681208,2068,12,8,5,Saturday
Natal,december 25th,20681225,2068,12,25,1,Tuesday
Ano Novo,january 1st,20690101,2069,1,1,1,Tuesday
Carnaval,47 days before easter sunday on a tuesday,20690226,2069,2,26,1,Tuesday
Sexta-Feira Santa,friday right before easter sunday,20690412,2069,4,12,4,Friday
Pascoa,easter sunday,20690414,2069,4,14,6,Sunday
25 de Abril,april 25th,20690425,2069,4,25,3,Thursday
Dia do Trabalhador,may 1th,20690501,2069,5,1,2,Wednesday
Dia de Portugal,june 10th,20690610,2069,6,10,0,Monday
Corpo de Deus,"60 days after easter sunday, on a thursday",20690613,2069,6,13,3,Thursday
Assuncao Maria,august 15th,20690815,2069,8,15,3,Thursday
Implatacao da Republica,october 5th,20691005,2069,10,5,5,Saturday
Todos os Santos,november 1st,20691101,2069,11,1,4,Friday
Restauracao da Independencia,december 1st,20691201,2069,12,1,6,Sunday
Imaculada Conceicao,december 8th,20691208,2069,12,8,6,Sunday
Natal,december 25th,20691225,2069,12,25,2,Wednesday
Ano Novo,january 1st,20700101,2070,1,1,2,Wednesday
Carnaval,47 days before easter sunday on a tuesday,20700211,2070,2,11,1,Tuesday
Sexta-Feira Santa,friday right before easter sunday,20700328,2070,3,28,4,Friday
Pascoa,easter sunday,20700330,2070,3,30,6,Sunday
25 de Abril,april 25th,20700425,2070,4,25,4,Friday
Dia do Trabalhador,may 1th,20700501,2070,5,1,3,Thursday
Corpo de Deus,"60 days after easter sunday, on a thursday",20700529,2070,5,29,3,Thursday
Dia de Portugal,june 10th,20700610,2070,6,10,1,Tuesday
Assuncao Maria,august 15th,20700815,2070,8,15,4,Friday
Implatacao da Republica,october 5th,20701005,2070,10,5,6,Sunday
Todos os Santos,november 1st,20701101,2070,11,1,5,Saturday
Restauracao da Independencia,december 1st,20701201,2070,12,1,0,Monday
Imaculada Conceicao,december 8th,20701208,2070,12,8,0,Monday
Natal,december 25th,20701225,2070,12,25,3,Thursday
Ano Novo,january 1st,20710101,2071,1,1,3,Thursday
Carnaval,47 days before easter sunday on a tuesday,20710303,2071,3,3,1,Tuesday
Sexta-Feira Santa,friday right before easter sunday,20710417,2071,4,17,4,Friday
Pascoa,easter sunday,20710419,2071,4,19,6,Sunday
25 de Abril,april 25th,20710425,2071,4,25,5,Saturday
Dia do Trabalhador,may 1th,20710501,2071,5,1,4,Friday
Dia de Portugal,june 10th,20710610,2071,6,10,2,Wednesday
Corpo de Deus,"60 days after easter sunday, on a thursday",20710618,2071,6,18,3,Thursday
Assuncao Maria,august 15th,20710815,2071,8,15,5,Saturday
Implatacao da Republica,october 5th,20711005,2071,10,5,0,Monday
Todos os Santos,november 1st,20711101,2071,11,1,6,Sunday
Restauracao da Independencia,december 1st,20711201,2071,12,1,1,Tuesday
Imaculada Conceicao,december 8th,20711208,2071,12,8,1,Tuesday
Natal,december 25th,20711225,2071,12,25,4,Friday
Ano Novo,january 1st,20720101,2072,1,1,4,Friday
Carnaval,47 days before easter sunday on a tuesday,20720223,2072,2,23,1,Tuesday
Sexta-Feira Santa,friday right before easter sunday,20720408,2072,4,8,4,Friday
Pascoa,easter sunday,20720410,2072,4,10,6,Sunday
25 de Abril,april 25th,20720425,2072,4,25,0,Monday
Dia do Trabalhador,may 1th,20720501,2072,5,1,6,Sunday
Corpo de Deus,"60 days after easter sunday, on a thursday",20720609,2072,6,9,3,Thursday
Dia de Portugal,june 10th,20720610,2072,6,10,4,Friday
Assuncao Maria,august 15th,20720815,2072,8,15,0,Monday
Implatacao da Republica,october 5th,20721005,2072,10,5,2,Wednesday
Todos os Santos,november 1st,20721101,2072,11,1,1,Tuesday
Restauracao da Independencia,december 1st,20721201,2072,12,1,3,Thursday
Imaculada Conceicao,december 8th,20721208,2072,12,8,3,Thursday
Natal,december 25th,20721225,2072,12,25,6,Sunday
Ano Novo,january 1st,20730101,2073,1,1,6,Sunday
Carnaval,47 days before easter sunday on a tuesday,20730207,2073,2,7,1,Tuesday
Sexta-Feira Santa,friday right before easter sunday,20730324,2073,3,24,4,Friday
Pascoa,easter sunday,20730326,2073,3,26,6,Sunday
25 de Abril,april 25th,20730425,2073,4,25,1,Tuesday
Dia do Trabalhador,may 1th,20730501,2073,5,1,0,Monday
Corpo de Deus,"60 days after easter sunday, on a thursday",20730525,2073,5,25,3,Thursday
Dia de Portugal,june 10th,20730610,2073,6,10,5,Saturday
Assuncao Maria,august 15th,20730815,2073,8,15,1,Tuesday
Implatacao da Republica,october 5th,20731005,2073,10,5,3,Thursday
Todos os Santos,november 1st,20731101,2073,11,1,2,Wednesday
Restauracao da Independencia,december 1st,20731201,2073,12,1,4,Friday
Imaculada Conceicao,december 8th,20731208,2073,12,8,4,Friday
Natal,december 25th,20731225,2073,12,25,0,Monday
Ano Novo,january 1st,20740101,2074,1,1,0,Monday
Carnaval,47 days before easter sunday on a tuesday,20740227,2074,2,27,1,Tuesday
Sexta-Feira Santa,friday right before easter sunday,20740413,2074,4,13,4,Friday
Pascoa,easter sunday,20740415,2074,4,15,6,Sunday
25 de Abril,april 25th,20740425,2074,4,25,2,Wednesday
Dia do Trabalhador,may 1th,20740501,2074,5,1,1,Tuesday
Dia de Portugal,june 10th,20740610,2074,6,10,6,Sunday
Corpo de Deus,"60 days after easter sunday, on a thursday",20740614,2074,6,14,3,Thursday
Assuncao Maria,august 15th,20740815,2074,8,15,2,Wednesday
Implatacao da Republica,october 5th,20741005,2074,10,5,4,Friday
Todos os Santos,november 1st,20741101,2074,11,1,3,Thursday
Restauracao da Independencia,december 1st,20741201,2074,12,1,5,Saturday
Imaculada Conceicao,december 8th,20741208,2074,12,8,5,Saturday
Natal,december 25th,20741225,2074,12,25,1,Tuesday
Ano Novo,january 1st,20750101,2075,1,1,1,Tuesday
Carnaval,47 days before easter sunday on a tuesday,20750219,2075,2,19,1,Tuesday
Sexta-Feira Santa,friday right before easter sunday,20750405,2075,4,5,4,Friday
Pascoa,easter sunday,20750407,2075,4,7,6,Sunday
25 de Abril,april 25th,20750425,2075,4,25,3,Thursday
Dia do Trabalhador,may 1th,20750501,2075,5,1,2,Wednesday
Corpo de Deus,"60 days after easter sunday, on a thursday",20750606,2075,6,6,3,Thursday
Dia de Portugal,june 10th,20750610,2075,6,10,0,Monday
Assuncao Maria,august 15th,20750815,2075,8,15,3,Thursday
Implatacao da Republica,october 5th,20751005,2075,10,5,5,Saturday
Todos os Santos,november 1st,20751101,2075,11,1,4,Friday
Restauracao da Independencia,december 1st,20751201,2075,12,1,6,Sunday
Imaculada Conceicao,december 8th,20751208,2075,12,8,6,Sunday
Natal,december 25th,20751225,2075,12,25,2,Wednesday
Ano Novo,january 1st,20760101,2076,1,1,2,Wednesday
Carnaval,47 days before easter sunday on a tuesday,20760303,2076,3,3,1,Tuesday
Sexta-Feira Santa,friday right before easter sunday,20760417,2076,4,17,4,Friday
Pascoa,easter sunday,20760419,2076,4,19,6,Sunday
25 de Abril,april 25th,20760425,2076,4,25,5,Saturday
Dia do Trabalhador,may 1th,20760501,2076,5,1,4,Friday
Dia de Portugal,june 10th,20760610,2076,6,10,2,Wednesday
Corpo de Deus,"60 days after easter sunday, on a thursday",20760618,2076,6,18,3,Thursday
Assuncao Maria,august 15th,20760815,2076,8,15,5,Saturday
Implatacao da Republica,october 5th,20761005,2076,10,5,0,Monday
Todos os Santos,november 1st,20761101,2076,11,1,6,Sunday
Restauracao da Independencia,december 1st,20761201,2076,12,1,1,Tuesday
Imaculada Conceicao,december 8th,20761208,2076,12,8,1,Tuesday
Natal,december 25th,20761225,2076,12,25,4,Friday
Ano Novo,january 1st,20770101,2077,1,1,4,Friday
Carnaval,47 days before easter sunday on a tuesday,20770223,2077,2,23,1,Tuesday
Sexta-Feira Santa,friday right before easter sunday,20770409,2077,4,9,4,Friday
Pascoa,easter sunday,20770411,2077,4,11,6,Sunday
25 de Abril,april 25th,20770425,2077,4,25,6,Sunday
Dia do Trabalhador,may 1th,20770501,2077,5,1,5,Saturday
Dia de Portugal,june 10th,20770610,2077,6,10,3,Thursday
Corpo de Deus,"60 days after easter sunday, on a thursday",20770610,2077,6,10,3,Thursday
Assuncao Maria,august 15th,20770815,2077,8,15,6,Sunday
Implatacao da Republica,october 5th,20771005,2077,10,5,1,Tuesday
Todos os Santos,november 1st,20771101,2077,11,1,0,Monday
Restauracao da Independencia,december 1st,20771201,2077,12,1,2,Wednesday
Imaculada Conceicao,december 8th,20771208,2077,12,8,2,Wednesday
Natal,december 25th,20771225,2077,12,25,5,Saturday
Ano Novo,january 1st,20780101,2078,1,1,5,Saturday
Carnaval,47 days before easter sunday on a tuesday,20780215,2078,2,15,1,Tuesday
Sexta-Feira Santa,friday right before easter sunday,20780401,2078,4,1,4,Friday
Pascoa,easter sunday,20780403,2078,4,3,6,Sunday
25 de Abril,april 25th,20780425,2078,4,25,0,Monday
Dia do Trabalhador,may 1th,20780501,2078,5,1,6,Sunday
Corpo de Deus,"60 days after easter sunday, on a thursday",20780602,2078,6,2,3,Thursday
Dia de Portugal,june 10th,20780610,2078,6,10,4,Friday
Assuncao Maria,august 15th,20780815,2078,8,15,0,Monday
Implatacao da Republica,october 5th,20781005,2078,10,5,2,Wednesday
Todos os Santos,november 1st,20781101,2078,11,1,1,Tuesday
Restauracao da Independencia,december 1st,20781201,2078,12,1,3,Thursday
Imaculada Conceicao,december 8th,20781208,2078,12,8,3,Thursday
Natal,december 25th,20781225,2078,12,25,6,Sunday
Ano Novo,january 1st,20790101,2079,1,1,6,Sunday
Carnaval,47 days before easter sunday on a tuesday,20790307,2079,3,7,1,Tuesday
Sexta-Feira Santa,friday right before easter sunday,20790421,2079,4,21,4,Friday
Pascoa,easter sunday,20790423,2079,4,23,6,Sunday
25 de Abril,april 25th,20790425,2079,4,25,1,Tuesday
Dia do Trabalhador,may 1th,20790501,2079,5,1,0,Monday
Dia de Portugal,june 10th,20790610,2079,6,10,5,Saturday
Corpo de Deus,"60 days after easter sunday, on a thursday",20790622,2079,6,22,3,Thursday
Assuncao Maria,august 15th,20790815,2079,8,15,1,Tuesday
Implatacao da Republica,october 5th,20791005,2079,10,5,3,Thursday
Todos os Santos,november 1st,20791101,2079,11,1,2,Wednesday
Restauracao da Independencia,december 1st,20791201,2079,12,1,4,Friday
Imaculada Conceicao,december 8th,20791208,2079,12,8,4,Friday
Natal,december 25th,20791225,2079,12,25,0,Monday
Ano Novo,january 1st,20800101,2080,1,1,0,Monday
Carnaval,47 days before easter sunday on a tuesday,20800220,2080,2,20,1,Tuesday
Sexta-Feira Santa,friday right before easter sunday,20800405,2080,4,5,4,Friday
Pascoa,easter sunday,20800407,2080,4,7,6,Sunday
25 de Abril,april 25th,20800425,2080,4,25,3,Thursday
Dia do Trabalhador,may 1th,20800501,2080,5,1,2,Wednesday
Corpo de Deus,"60 days after easter sunday, on a thursday",20800606,2080,6,6,3,Thursday
Dia de Portugal,june 10th,20800610,2080,6,10,0,Monday
Assuncao Maria,august 15th,20800815,2080,8,15,3,Thursday
Implatacao da Republica,october 5th,20801005,2080,10,5,5,Saturday
Todos os Santos,november 1st,20801101,2080,11,1,4,Friday
Restauracao da Independencia,december 1st,20801201,2080,12,1,6,Sunday
Imaculada Conceicao,december 8th,20801208,2080,12,8,6,Sunday
Natal,december 25th,20801225,2080,12,25,2,Wednesday
Ano Novo,january 1st,20810101,2081,1,1,2,Wednesday
Carnaval,47 days before easter sunday on a tuesday,20810211,2081,2,11,1,Tuesday
Sexta-Feira Santa,friday right before easter sunday,20810328,2081,3,28,4,Friday
Pascoa,easter sunday,20810330,2081,3,30,6,Sunday
25 de Abril,april 25th,20810425,2081,4,25,4,Friday
Dia do Trabalhador,may 1th,20810501,2081,5,1,3,Thursday
Corpo de Deus,"60 days after easter sunday, on a thursday",20810529,2081,5,29,3,Thursday
Dia de Portugal,june 10th,20810610,2081,6,10,1,Tuesday
Assuncao Maria,august 15th,20810815,2081,8,15,4,Friday
Implatacao da Republica,october 5th,20811005,2081,10,5,6,Sunday
Todos os Santos,november 1st,20811101,2081,11,1,5,Saturday
Restauracao da Independencia,december 1st,20811201,2081,12,1,0,Monday
Imaculada Conceicao,december 8th,20811208,2081,12,8,0,Monday
Natal,december 25th,20811225,2081,12,25,3,Thursday
Ano Novo,january 1st,20820101,2082,1,1,3,Thursday
Carnaval,47 days before easter sunday on a tuesday,20820303,2082,3,3,1,Tuesday
Sexta-Feira Santa,friday right before easter sunday,20820417,2082,4,17,4,Friday
Pascoa,easter sunday,20820419,2082,4,19,6,Sunday
25 de Abril,april 25th,20820425,2082,4,25,5,Saturday
Dia do Trabalhador,may 1th,20820501,2082,5,1,4,Friday
Dia de Portugal,june 10th,20820610,2082,6,10,2,Wednesday
Corpo de Deus,"60 days after easter sunday, on a thursday",20820618,2082,6,18,3,Thursday
Assuncao Maria,august 15th,20820815,2082,8,15,5,Saturday
Implatacao da Republica,october 5th,20821005,2082,10,5,0,Monday
Todos os Santos,november 1st,20821101,2082,11,1,6,Sunday
Restauracao da Independencia,december 1st,20821201,2082,12,1,1,Tuesday
Imaculada Conceicao,december 8th,20821208,2082,12,8,1,Tuesday
Natal,december 25th,20821225,2082,12,25,4,Friday
Ano Novo,january 1st,20830101,2083,1,1,4,Friday
Carnaval,47 days before easter sunday on a tuesday,20830216,2083,2,16,1,Tuesday
Sexta-Feira Santa,friday right before easter sunday,20830402,2083,4,2,4,Friday
Pascoa,easter sunday,20830404,2083,4,4,6,Sunday
25 de Abril,april 25th,20830425,2083,4,25,6,Sunday
Dia do Trabalhador,may 1th,20830501,2083,5,1,5,Saturday
Corpo de Deus,"60 days after easter sunday, on a thursday",20830603,2083,6,3,3,Thursday
Dia de Portugal,june 10th,20830610,2083,6,10,3,Thursday
Assuncao Maria,august 15th,20830815,2083,8,15,6,Sunday
Implatacao da Republica,october 5th,20831005,2083,10,5,1,Tuesday
Todos os Santos,november 1st,20831101,2083,11,1,0,Monday
Restauracao da Independencia,december 1st,20831201,2083,12,1,2,Wednesday
Imaculada Conceicao,december 8th,20831208,2083,12,8,2,Wednesday
Natal,december 25th,20831225,2083,12,25,5,Saturday
Ano Novo,january 1st,20840101,2084,1,1,5,Saturday
Carnaval,47 days before easter sunday on a tuesday,20840208,2084,2,8,1,Tuesday
Sexta-Feira Santa,friday right before easter sunday,20840324,2084,3,24,4,Friday
Pascoa,easter sunday,20840326,2084,3,26,6,Sunday
25 de Abril,april 25th,20840425,2084,4,25,1,Tuesday
Dia do Trabalhador,may 1th,20840501,2084,5,1,0,Monday
Corpo de Deus,"60 days after easter sunday, on a thursday",20840525,2084,5,25,3,Thursday
Dia de Portugal,june 10th,20840610,2084,6,10,5,Saturday
Assuncao Maria,august 15th,20840815,2084,8,15,1,Tuesday
Implatacao da Republica,october 5th,20841005,2084,10,5,3,Thursday
Todos os Santos,november 1st,20841101,2084,11,1,2,Wednesday
Restauracao da Independencia,december 1st,20841201,2084,12,1,4,Friday
Imaculada Conceicao,december 8th,20841208,2084,12,8,4,Friday
Natal,december 25th,20841225,2084,12,25,0,Monday
Ano Novo,january 1st,20850101,2085,1,1,0,Monday
Carnaval,47 days before easter sunday on a tuesday,20850227,2085,2,27,1,Tuesday
Sexta-Feira Santa,friday right before easter sunday,20850413,2085,4,13,4,Friday
Pascoa,easter sunday,20850415,2085,4,15,6,Sunday
25 de Abril,april 25th,20850425,2085,4,25,2,Wednesday
Dia do Trabalhador,may 1th,20850501,2085,5,1,1,Tuesday
Dia de Portugal,june 10th,20850610,2085,6,10,6,Sunday
Corpo de Deus,"60 days after easter sunday, on a thursday",20850614,2085,6,14,3,Thursday
Assuncao Maria,august 15th,20850815,2085,8,15,2,Wednesday
Implatacao da Republica,october 5th,20851005,2085,10,5,4,Friday
Todos os Santos,november 1st,20851101,2085,11,1,3,Thursday
Restauracao da Independencia,december 1st,20851201,2085,12,1,5,Saturday
Imaculada Conceicao,december 8th,20851208,2085,12,8,5,Saturday
Natal,december 25th,20851225,2085,12,25,1,Tuesday
Ano Novo,january 1st,20860101,2086,1,1,1,Tuesday
Carnaval,47 days before easter sunday on a tuesday,20860212,2086,2,12,1,Tuesday
Sexta-Feira Santa,friday right before easter sunday,20860329,2086,3,29,4,Friday
Pascoa,easter sunday,20860331,2086,3,31,6,Sunday
25 de Abril,april 25th,20860425,2086,4,25,3,Thursday
Dia do Trabalhador,may 1th,20860501,2086,5,1,2,Wednesday
Corpo de Deus,"60 days after easter sunday, on a thursday",20860530,2086,5,30,3,Thursday
Dia de Portugal,june 10th,20860610,2086,6,10,0,Monday
Assuncao Maria,august 15th,20860815,2086,8,15,3,Thursday
Implatacao da Republica,october 5th,20861005,2086,10,5,5,Saturday
Todos os Santos,november 1st,20861101,2086,11,1,4,Friday
Restauracao da Independencia,december 1st,20861201,2086,12,1,6,Sunday
Imaculada Conceicao,december 8th,20861208,2086,12,8,6,Sunday
Natal,december 25th,20861225,2086,12,25,2,Wednesday
Ano Novo,january 1st,20870101,2087,1,1,2,Wednesday
Carnaval,47 days before easter sunday on a tuesday,20870304,2087,3,4,1,Tuesday
Sexta-Feira Santa,friday right before easter sunday,20870418,2087,4,18,4,Friday
Pascoa,easter sunday,20870420,2087,4,20,6,Sunday
25 de Abril,april 25th,20870425,2087,4,25,4,Friday
Dia do Trabalhador,may 1th,20870501,2087,5,1,3,Thursday
Dia de Portugal,june 10th,20870610,2087,6,10,1,Tuesday
Corpo de Deus,"60 days after easter sunday, on a thursday",20870619,2087,6,19,3,Thursday
Assuncao Maria,august 15th,20870815,2087,8,15,4,Friday
Implatacao da Republica,october 5th,20871005,2087,10,5,6,Sunday
Todos os Santos,november 1st,20871101,2087,11,1,5,Saturday
Restauracao da Independencia,december 1st,20871201,2087,12,1,0,Monday
Imaculada Conceicao,december 8th,20871208,2087,12,8,0,Monday
Natal,december 25th,20871225,2087,12,25,3,Thursday
Ano Novo,january 1st,20880101,2088,1,1,3,Thursday
Carnaval,47 days before easter sunday on a tuesday,20880224,2088,2,24,1,Tuesday
Sexta-Feira Santa,friday right before easter sunday,20880409,2088,4,9,4,Friday
Pascoa,easter sunday,20880411,2088,4,11,6,Sunday
25 de Abril,april 25th,20880425,2088,4,25,6,Sunday
Dia do Trabalhador,may 1th,20880501,2088,5,1,5,Saturday
Dia de Portugal,june 10th,20880610,2088,6,10,3,Thursday
Corpo de Deus,"60 days after easter sunday, on a thursday",20880610,2088,6,10,3,Thursday
Assuncao Maria,august 15th,20880815,2088,8,15,6,Sunday
Implatacao da Republica,october 5th,20881005,2088,10,5,1,Tuesday
Todos os Santos,november 1st,20881101,2088,11,1,0,Monday
Restauracao da Independencia,december 1st,20881201,2088,12,1,2,Wednesday
Imaculada Conceicao,december 8th,20881208,2088,12,8,2,Wednesday
Natal,december 25th,20881225,2088,12,25,5,Saturday
Ano Novo,january 1st,20890101,2089,1,1,5,Saturday
Carnaval,47 days before easter sunday on a tuesday,20890215,2089,2,15,1,Tuesday
Sexta-Feira Santa,friday right before easter sunday,20890401,2089,4,1,4,Friday
Pascoa,easter sunday,20890403,2089,4,3,6,Sunday
25 de Abril,april 25th,20890425,2089,4,25,0,Monday
Dia do Trabalhador,may 1th,20890501,2089,5,1,6,Sunday
Corpo de Deus,"60 days after easter sunday, on a thursday",20890602,2089,6,2,3,Thursday
Dia de Portugal,june 10th,20890610,2089,6,10,4,Friday
Assuncao Maria,august 15th,20890815,2089,8,15,0,Monday
Implatacao da Republica,october 5th,20891005,2089,10,5,2,Wednesday
Todos os Santos,november 1st,20891101,2089,11,1,1,Tuesday
Restauracao da Independencia,december 1st,20891201,2089,12,1,3,Thursday
Imaculada Conceicao,december 8th,20891208,2089,12,8,3,Thursday
Natal,december 25th,20891225,2089,12,25,6,Sunday
Ano Novo,january 1st,20900101,2090,1,1,6,Sunday
Carnaval,47 days before easter sunday on a tuesday,20900228,2090,2,28,1,Tuesday
Sexta-Feira Santa,friday right before easter sunday,20900414,2090,4,14,4,Friday
Pascoa,easter sunday,20900416,2090,4,16,6,Sunday
25 de Abril,april 25th,20900425,2090,4,25,1,Tuesday
Dia do Trabalhador,may 1th,20900501,2090,5,1,0,Monday
Dia de Portugal,june 10th,20900610,2090,6,10,5,Saturday
Corpo de Deus,"60 days after easter sunday, on a thursday",20900615,2090,6,15,3,Thursday
Assuncao Maria,august 15th,20900815,2090,8,15,1,Tuesday
Implatacao da Republica,october 5th,20901005,2090,10,5,3,Thursday
Todos os Santos,november 1st,20901101,2090,11,1,2,Wednesday
Restauracao da Independencia,december 1st,20901201,2090,12,1,4,Friday
Imaculada Conceicao,december 8th,20901208,2090,12,8,4,Friday
Natal,december 25th,20901225,2090,12,25,0,Monday
Ano Novo,january 1st,20910101,2091,1,1,0,Monday
Carnaval,47 days before easter sunday on a tuesday,20910220,2091,2,20,1,Tuesday
Sexta-Feira Santa,friday right before easter sunday,20910406,2091,4,6,4,Friday
Pascoa,easter sunday,20910408,2091,4,8,6,Sunday
25 de Abril,april 25th,20910425,2091,4,25,2,Wednesday
Dia do Trabalhador,may 1th,20910501,2091,5,1,1,Tuesday
Corpo de Deus,"60 days after easter sunday, on a thursday",20910607,2091,6,7,3,Thursday
Dia de Portugal,june 10th,20910610,2091,6,10,6,Sunday
Assuncao Maria,august 15th,20910815,2091,8,15,2,Wednesday
Implatacao da Republica,october 5th,20911005,2091,10,5,4,Friday
Todos os Santos,november 1st,20911101,2091,11,1,3,Thursday
Restauracao da Independencia,december 1st,20911201,2091,12,1,5,Saturday
Imaculada Conceicao,december 8th,20911208,2091,12,8,5,Saturday
Natal,december 25th,20911225,2091,12,25,1,Tuesday
Ano Novo,january 1st,20920101,2092,1,1,1,Tuesday
Carnaval,47 days before easter sunday on a tuesday,20920212,2092,2,12,1,Tuesday
Sexta-Feira Santa,friday right before easter sunday,20920328,2092,3,28,4,Friday
Pascoa,easter sunday,20920330,2092,3,30,6,Sunday
25 de Abril,april 25th,20920425,2092,4,25,4,Friday
Dia do Trabalhador,may 1th,20920501,2092,5,1,3,Thursday
Corpo de Deus,"60 days after easter sunday, on a thursday",20920529,2092,5,29,3,Thursday
Dia de Portugal,june 10th,20920610,2092,6,10,1,Tuesday
Assuncao Maria,august 15th,20920815,2092,8,15,4,Friday
Implatacao da Republica,october 5th,20921005,2092,10,5,6,Sunday
Todos os Santos,november 1st,20921101,2092,11,1,5,Saturday
Restauracao da Independencia,december 1st,20921201,2092,12,1,0,Monday
Imaculada Conceicao,december 8th,20921208,2092,12,8,0,Monday
Natal,december 25th,20921225,2092,12,25,3,Thursday
Ano Novo,january 1st,20930101,2093,1,1,3,Thursday
Carnaval,47 days before easter sunday on a tuesday,20930224,2093,2,24,1,Tuesday
Sexta-Feira Santa,friday right before easter sunday,20930410,2093,4,10,4,Friday
Pascoa,easter sunday,20930412,2093,4,12,6,Sunday
25 de Abril,april 25th,20930425,2093,4,25,5,Saturday
Dia do Trabalhador,may 1th,20930501,2093,5,1,4,Friday
Dia de Portugal,june 10th,20930610,2093,6,10,2,Wednesday
Corpo de Deus,"60 days after easter sunday, on a thursday",20930611,2093,6,11,3,Thursday
Assuncao Maria,august 15th,20930815,2093,8,15,5,Saturday
Implatacao da Republica,october 5th,20931005,2093,10,5,0,Monday
Todos os Santos,november 1st,20931101,2093,11,1,6,Sunday
Restauracao da Independencia,december 1st,20931201,2093,12,1,1,Tuesday
Imaculada Conceicao,december 8th,20931208,2093,12,8,1,Tuesday
Natal,december 25th,20931225,2093,12,25,4,Friday
Ano Novo,january 1st,20940101,2094,1,1,4,Friday
Carnaval,47 days before easter sunday on a tuesday,20940216,2094,2,16,1,Tuesday
Sexta-Feira Santa,friday right before easter sunday,20940402,2094,4,2,4,Friday
Pascoa,easter sunday,20940404,2094,4,4,6,Sunday
25 de Abril,april 25th,20940425,2094,4,25,6,Sunday
Dia do Trabalhador,may 1th,20940501,2094,5,1,5,Saturday
Corpo de Deus,"60 days after easter sunday, on a thursday",20940603,2094,6,3,3,Thursday
Dia de Portugal,june 10th,20940610,2094,6,10,3,Thursday
Assuncao Maria,august 15th,20940815,2094,8,15,6,Sunday
Implatacao da Republica,october 5th,20941005,2094,10,5,1,Tuesday
Todos os Santos,november 1st,20941101,2094,11,1,0,Monday
Restauracao da Independencia,december 1st,20941201,2094,12,1,2,Wednesday
Imaculada Conceicao,december 8th,20941208,2094,12,8,2,Wednesday
Natal,december 25th,20941225,2094,12,25,5,Saturday
Ano Novo,january 1st,20950101,2095,1,1,5,Saturday
Carnaval,47 days before easter sunday on a tuesday,20950308,2095,3,8,1,Tuesday
Sexta-Feira Santa,friday right before easter sunday,20950422,2095,4,22,4,Friday
Pascoa,easter sunday,20950424,2095,4,24,6,Sunday
25 de Abril,april 25th,20950425,2095,4,25,0,Monday
Dia do Trabalhador,may 1th,20950501,2095,5,1,6,Sunday
Dia de Portugal,june 10th,20950610,2095,6,10,4,Friday
Corpo de Deus,"60 days after easter sunday, on a thursday",20950623,2095,6,23,3,Thursday
Assuncao Maria,august 15th,20950815,2095,8,15,0,Monday
Implatacao da Republica,october 5th,20951005,2095,10,5,2,Wednesday
Todos os Santos,november 1st,20951101,2095,11,1,1,Tuesday
Restauracao da Independencia,december 1st,20951201,2095,12,1,3,Thursday
Imaculada Conceicao,december 8th,20951208,2095,12,8,3,Thursday
Natal,december 25th,20951225,2095,12,25,6,Sunday
Ano Novo,january 1st,20960101,2096,1,1,6,Sunday
Carnaval,47 days before easter sunday on a tuesday,20960228,2096,2,28,1,Tuesday
Sexta-Feira Santa,friday right before easter sunday,20960413,2096,4,13,4,Friday
Pascoa,easter sunday,20960415,2096,4,15,6,Sunday
25 de Abril,april 25th,20960425,2096,4,25,2,Wednesday
Dia do Trabalhador,may 1th,20960501,2096,5,1,1,Tuesday
Dia de Portugal,june 10th,20960610,2096,6,10,6,Sunday
Corpo de Deus,"60 days after easter sunday, on a thursday",20960614,2096,6,14,3,Thursday
Assuncao Maria,august 15th,20960815,2096,8,15,2,Wednesday
Implatacao da Republica,october 5th,20961005,2096,10,5,4,Friday
Todos os Santos,november 1st,20961101,2096,11,1,3,Thursday
Restauracao da Independencia,december 1st,20961201,2096,12,1,5,Saturday
Imaculada Conceicao,december 8th,20961208,2096,12,8,5,Saturday
Natal,december 25th,20961225,2096,12,25,1,Tuesday
Ano Novo,january 1st,20970101,2097,1,1,1,Tuesday
Carnaval,47 days before easter sunday on a tuesday,20970212,2097,2,12,1,Tuesday
Sexta-Feira Santa,friday right before easter sunday,20970329,2097,3,29,4,Friday
Pascoa,easter sunday,20970331,2097,3,31,6,Sunday
25 de Abril,april 25th,20970425,2097,4,25,3,Thursday
Dia do Trabalhador,may 1th,20970501,2097,5,1,2,Wednesday
Corpo de Deus,"60 days after easter sunday, on a thursday",20970530,2097,5,30,3,Thursday
Dia de Portugal,june 10th,20970610,2097,6,10,0,Monday
Assuncao Maria,august 15th,20970815,2097,8,15,3,Thursday
Implatacao da Republica,october 5th,20971005,2097,10,5,5,Saturday
Todos os Santos,november 1st,20971101,2097,11,1,4,Friday
Restauracao da Independencia,december 1st,20971201,2097,12,1,6,Sunday
Imaculada Conceicao,december 8th,20971208,2097,12,8,6,Sunday
Natal,december 25th,20971225,2097,12,25,2,Wednesday
Ano Novo,january 1st,20980101,2098,1,1,2,Wednesday
Carnaval,47 days before easter sunday on a tuesday,20980304,2098,3,4,1,Tuesday
Sexta-Feira Santa,friday right before easter sunday,20980418,2098,4,18,4,Friday
Pascoa,easter sunday,20980420,2098,4,20,6,Sunday
25 de Abril,april 25th,20980425,2098,4,25,4,Friday
Dia do Trabalhador,may 1th,20980501,2098,5,1,3,Thursday
Dia de Portugal,june 10th,20980610,2098,6,10,1,Tuesday
Corpo de Deus,"60 days after easter sunday, on a thursday",20980619,2098,6,19,3,Thursday
Assuncao Maria,august 15th,20980815,2098,8,15,4,Friday
Implatacao da Republica,october 5th,20981005,2098,10,5,6,Sunday
Todos os Santos,november 1st,20981101,2098,11,1,5,Saturday
Restauracao da Independencia,december 1st,20981201,2098,12,1,0,Monday
Imaculada Conceicao,december 8th,20981208,2098,12,8,0,Monday
Natal,december 25th,20981225,2098,12,25,3,Thursday
Ano Novo,january 1st,20990101,2099,1,1,3,Thursday
Carnaval,47 days before easter sunday on a tuesday,20990224,2099,2,24,1,Tuesday
Sexta-Feira Santa,friday right before easter sunday,20990410,2099,4,10,4,Friday
Pascoa,easter sunday,20990412,2099,4,12,6,Sunday
25 de Abril,april 25th,20990425,2099,4,25,5,Saturday
Dia do Trabalhador,may 1th,20990501,2099,5,1,4,Friday
Dia de Portugal,june 10th,20990610,2099,6,10,2,Wednesday
Corpo de Deus,"60 days after easter sunday, on a thursday",20990611,2099,6,11,3,Thursday
Assuncao Maria,august 15th,20990815,2099,8,15,5,Saturday
Implatacao da Republica,october 5th,20991005,2099,10,5,0,Monday
Todos os Santos,november 1st,20991101,2099,11,1,6,Sunday
Restauracao da Independencia,december 1st,20991201,2099,12,1,1,Tuesday
Imaculada Conceicao,december 8th,20991208,2099,12,8,1,Tuesday
Natal,december 25th,20991225,2099,12,25,4,Friday
Ano Novo,january 1st,21000101,2100,1,1,4,Friday
Carnaval,47 days before easter sunday on a tuesday,21000209,2100,2,9,1,Tuesday
Sexta-Feira Santa,friday right before easter sunday,21000326,2100,3,26,4,Friday
Pascoa,easter sunday,21000328,2100,3,28,6,Sunday
25 de Abril,april 25th,21000425,2100,4,25,6,Sunday
Dia do Trabalhador,may 1th,21000501,2100,5,1,5,Saturday
Corpo de Deus,"60 days after easter sunday, on a thursday",21000527,2100,5,27,3,Thursday
Dia de Portugal,june 10th,21000610,2100,6,10,3,Thursday
Assuncao Maria,august 15th,21000815,2100,8,15,6,Sunday
Implatacao da Republica,october 5th,21001005,2100,10,5,1,Tuesday
Todos os Santos,november 1st,21001101,2100,11,1,0,Monday
Restauracao da Independencia,december 1st,21001201,2100,12,1,2,Wednesday
Imaculada Conceicao,december 8th,21001208,2100,12,8,2,Wednesday
Natal,december 25th,21001225,2100,12,25,5,Saturday
